-- phpMyAdmin SQL Dump
-- version 4.9.5
-- https://www.phpmyadmin.net/
--
-- Servidor: 127.0.0.1:3306
-- Tiempo de generación: 12-11-2021 a las 12:12:19
-- Versión del servidor: 10.5.12-MariaDB-cll-lve
-- Versión de PHP: 7.2.34

SET SQL_MODE = "NO_AUTO_VALUE_ON_ZERO";
SET AUTOCOMMIT = 0;
START TRANSACTION;
SET time_zone = "+00:00";


/*!40101 SET @OLD_CHARACTER_SET_CLIENT=@@CHARACTER_SET_CLIENT */;
/*!40101 SET @OLD_CHARACTER_SET_RESULTS=@@CHARACTER_SET_RESULTS */;
/*!40101 SET @OLD_COLLATION_CONNECTION=@@COLLATION_CONNECTION */;
/*!40101 SET NAMES utf8mb4 */;

--
-- Base de datos: `u507644274_owensyx2021`
--

-- --------------------------------------------------------

--
-- Estructura de tabla para la tabla `admins`
--

CREATE TABLE `admins` (
  `id` bigint(20) UNSIGNED NOT NULL,
  `name` varchar(100) COLLATE utf8mb4_unicode_ci NOT NULL,
  `email` varchar(100) COLLATE utf8mb4_unicode_ci NOT NULL,
  `username` varchar(100) COLLATE utf8mb4_unicode_ci NOT NULL,
  `email_verified_at` timestamp NULL DEFAULT NULL,
  `image` varchar(255) COLLATE utf8mb4_unicode_ci DEFAULT NULL,
  `password` varchar(255) COLLATE utf8mb4_unicode_ci NOT NULL,
  `created_at` timestamp NULL DEFAULT NULL,
  `updated_at` timestamp NULL DEFAULT NULL
) ENGINE=InnoDB DEFAULT CHARSET=utf8mb4 COLLATE=utf8mb4_unicode_ci;

--
-- Volcado de datos para la tabla `admins`
--

INSERT INTO `admins` (`id`, `name`, `email`, `username`, `email_verified_at`, `image`, `password`, `created_at`, `updated_at`) VALUES
(1, 'Lot Quispe', 'viveroquispe@gmail.com', 'admin2021', NULL, '60ab94d26e3591621857490.jpg', '$2y$10$AFjmw3EhPFmBYtb23fZM4eRVYEtkkLBqeTyZ5/fdOb//F8ZSVmE8G', NULL, '2021-08-21 14:39:19');

-- --------------------------------------------------------

--
-- Estructura de tabla para la tabla `admin_password_resets`
--

CREATE TABLE `admin_password_resets` (
  `id` bigint(20) UNSIGNED NOT NULL,
  `email` varchar(100) COLLATE utf8mb4_unicode_ci NOT NULL,
  `token` varchar(20) COLLATE utf8mb4_unicode_ci NOT NULL,
  `status` tinyint(1) NOT NULL DEFAULT 1,
  `created_at` timestamp NULL DEFAULT NULL,
  `updated_at` timestamp NULL DEFAULT NULL
) ENGINE=InnoDB DEFAULT CHARSET=utf8mb4 COLLATE=utf8mb4_unicode_ci;

-- --------------------------------------------------------

--
-- Estructura de tabla para la tabla `applied_coupons`
--

CREATE TABLE `applied_coupons` (
  `id` bigint(20) UNSIGNED NOT NULL,
  `user_id` bigint(20) UNSIGNED NOT NULL,
  `coupon_id` bigint(20) UNSIGNED NOT NULL,
  `order_id` bigint(20) UNSIGNED NOT NULL,
  `amount` decimal(8,2) NOT NULL,
  `created_at` timestamp NULL DEFAULT NULL,
  `updated_at` timestamp NULL DEFAULT NULL
) ENGINE=InnoDB DEFAULT CHARSET=utf8mb4 COLLATE=utf8mb4_unicode_ci;

-- --------------------------------------------------------

--
-- Estructura de tabla para la tabla `assign_product_attributes`
--

CREATE TABLE `assign_product_attributes` (
  `id` bigint(20) UNSIGNED NOT NULL,
  `product_id` int(10) UNSIGNED NOT NULL,
  `product_attribute_id` int(10) UNSIGNED NOT NULL,
  `name` varchar(50) COLLATE utf8mb4_unicode_ci NOT NULL,
  `value` varchar(191) COLLATE utf8mb4_unicode_ci NOT NULL,
  `extra_price` decimal(8,2) NOT NULL DEFAULT 0.00,
  `status` tinyint(1) NOT NULL DEFAULT 1,
  `is_default` tinyint(1) NOT NULL DEFAULT 0,
  `created_at` timestamp NULL DEFAULT NULL,
  `updated_at` timestamp NULL DEFAULT NULL
) ENGINE=InnoDB DEFAULT CHARSET=utf8mb4 COLLATE=utf8mb4_unicode_ci;

--
-- Volcado de datos para la tabla `assign_product_attributes`
--

INSERT INTO `assign_product_attributes` (`id`, `product_id`, `product_attribute_id`, `name`, `value`, `extra_price`, `status`, `is_default`, `created_at`, `updated_at`) VALUES
(1, 1, 1, 'Negro', '1e1c1c', '0.00', 1, 0, '2021-07-01 17:09:32', '2021-07-07 19:44:43'),
(2, 1, 1, 'Rojo', 'e81f1f', '0.00', 1, 0, '2021-07-01 17:09:32', '2021-07-07 19:44:57'),
(3, 1, 1, 'Azul', '1f4be8', '0.00', 1, 0, '2021-07-01 17:09:32', '2021-07-07 19:45:04'),
(4, 1, 2, 'Grande', 'XL', '5.00', 1, 0, '2021-07-01 21:34:59', '2021-07-07 19:46:16'),
(5, 1, 2, 'Mediano', 'S', '0.00', 1, 0, '2021-07-01 21:36:02', '2021-07-07 19:45:21'),
(6, 5, 2, 'Mediano', '35', '0.00', 1, 0, '2021-07-10 19:54:45', '2021-07-10 19:54:45'),
(7, 5, 2, 'Normal', '36', '0.00', 1, 0, '2021-07-10 19:54:45', '2021-07-10 19:54:45'),
(8, 5, 2, 'Grande', '40', '0.00', 1, 0, '2021-07-10 19:54:45', '2021-07-10 19:54:45'),
(9, 6, 2, 'Mediano', 'S', '0.00', 1, 0, '2021-07-10 20:08:50', '2021-07-10 20:08:50'),
(10, 6, 2, 'Normal', 'M', '0.00', 1, 0, '2021-07-10 20:08:50', '2021-07-10 20:08:50'),
(11, 6, 2, 'Grande', 'XL', '0.00', 1, 0, '2021-07-10 20:08:50', '2021-07-10 20:08:50'),
(12, 6, 1, 'Celeste', '42baca', '0.00', 1, 0, '2021-07-10 20:09:44', '2021-07-10 20:09:44'),
(13, 6, 1, 'Negro', '2d2727', '0.00', 1, 0, '2021-07-10 20:09:44', '2021-07-10 20:09:44'),
(14, 6, 1, 'Blanco', 'fdf9f9', '0.00', 1, 0, '2021-07-10 20:09:44', '2021-07-10 20:09:44'),
(15, 8, 1, 'Negro', '0f0e0e', '0.00', 1, 0, '2021-07-11 14:30:34', '2021-07-11 14:30:34'),
(16, 10, 1, 'rojo', 'e81f1f', '0.00', 1, 0, '2021-07-13 13:10:46', '2021-07-13 13:10:46'),
(17, 12, 2, 'Pequeno', '40', '0.00', 1, 0, '2021-07-14 12:19:51', '2021-07-14 12:19:51'),
(18, 12, 2, 'max', '41', '0.00', 1, 0, '2021-07-14 12:20:19', '2021-07-14 12:20:19'),
(19, 12, 2, 'men', '42', '3.00', 1, 0, '2021-07-14 12:20:19', '2021-07-14 12:20:57'),
(20, 12, 2, 'exc', '45', '5.00', 1, 0, '2021-07-14 12:20:19', '2021-07-14 12:20:39');

-- --------------------------------------------------------

--
-- Estructura de tabla para la tabla `brands`
--

CREATE TABLE `brands` (
  `id` bigint(20) UNSIGNED NOT NULL,
  `name` varchar(50) COLLATE utf8mb4_unicode_ci NOT NULL,
  `logo` varchar(191) COLLATE utf8mb4_unicode_ci DEFAULT NULL,
  `top` tinyint(1) NOT NULL DEFAULT 0,
  `meta_title` varchar(191) COLLATE utf8mb4_unicode_ci DEFAULT NULL,
  `meta_description` varchar(191) COLLATE utf8mb4_unicode_ci DEFAULT NULL,
  `meta_keywords` text CHARACTER SET utf8mb4 COLLATE utf8mb4_bin DEFAULT NULL,
  `created_at` timestamp NULL DEFAULT NULL,
  `updated_at` timestamp NULL DEFAULT NULL,
  `deleted_at` timestamp NULL DEFAULT NULL
) ENGINE=InnoDB DEFAULT CHARSET=utf8mb4 COLLATE=utf8mb4_unicode_ci;

--
-- Volcado de datos para la tabla `brands`
--

INSERT INTO `brands` (`id`, `name`, `logo`, `top`, `meta_title`, `meta_description`, `meta_keywords`, `created_at`, `updated_at`, `deleted_at`) VALUES
(1, 'Adidas', '60e35221f21271625510433.jpg', 1, 'adidas', 'Marca Adidas', '[\"adidas\",\"polo\",\"zapatilas\"]', '2021-07-01 17:03:27', '2021-07-05 18:40:33', NULL),
(2, 'Lacoste', '60e35208e039a1625510408.jpg', 1, 'lacoste', 'Marca Lacoste', '[\"polo\",\"casacas\"]', '2021-07-05 18:40:09', '2021-07-05 18:40:13', NULL),
(3, 'Samsung', '60e3525b490651625510491.jpg', 1, 'samsung', 'Marca Samsung', '[\"tv\",\"celulares\"]', '2021-07-05 18:41:31', '2021-07-05 18:41:35', NULL),
(4, 'LG', '60e352825c1721625510530.jpg', 1, 'lg', 'Marca LG', '[\"tv\"]', '2021-07-05 18:42:10', '2021-07-05 18:44:54', NULL),
(5, 'Puma', '60e352aa8cbd91625510570.jpg', 1, 'puma', 'Marca Puma', '[\"zapatillas\",\"polo\",\"pelota\"]', '2021-07-05 18:42:50', '2021-07-05 18:44:54', NULL),
(6, 'Ralph Lauren', '60e352fce57b51625510652.jpg', 1, 'ralph', 'Marca Ralph Lauren', '[\"polo\"]', '2021-07-05 18:44:12', '2021-07-05 18:44:53', NULL),
(7, 'Nike', '60e3531ebdbc41625510686.jpg', 1, 'nike', 'MarcaNike', '[\"zapatillas\",\"pelota\"]', '2021-07-05 18:44:46', '2021-07-05 18:44:52', NULL),
(8, 'Redmi', '60eed374a93031626264436.jpg', 0, 'xiomi', 'Marca Redmi', '[\"celulares\",\"xiomi\"]', '2021-07-14 12:07:16', '2021-07-14 12:07:16', NULL);

-- --------------------------------------------------------

--
-- Estructura de tabla para la tabla `carts`
--

CREATE TABLE `carts` (
  `id` bigint(20) UNSIGNED NOT NULL,
  `user_id` int(11) DEFAULT NULL,
  `session_id` varchar(191) COLLATE utf8mb4_unicode_ci DEFAULT NULL,
  `product_id` int(11) NOT NULL,
  `attributes` text COLLATE utf8mb4_unicode_ci DEFAULT NULL,
  `quantity` int(10) UNSIGNED NOT NULL,
  `created_at` timestamp NULL DEFAULT NULL,
  `updated_at` timestamp NULL DEFAULT NULL
) ENGINE=InnoDB DEFAULT CHARSET=utf8mb4 COLLATE=utf8mb4_unicode_ci;

--
-- Volcado de datos para la tabla `carts`
--

INSERT INTO `carts` (`id`, `user_id`, `session_id`, `product_id`, `attributes`, `quantity`, `created_at`, `updated_at`) VALUES
(1, NULL, '60de08995c8b0', 1, '[\"1\"]', 1, '2021-07-01 18:25:29', '2021-07-01 18:25:29'),
(4, NULL, '60de3589a15ed', 1, '[\"1\",\"4\"]', 1, '2021-07-01 21:37:13', '2021-07-01 21:37:13'),
(5, NULL, '60df01b26d8df', 1, '[\"1\",\"4\"]', 3, '2021-07-02 12:08:18', '2021-07-02 12:08:40'),
(6, NULL, '60e1124b3a3bc', 1, '[\"1\",\"4\"]', 1, '2021-07-04 01:43:40', '2021-07-04 01:43:40'),
(7, NULL, '60e242c15e888', 1, '[\"1\",\"4\"]', 1, '2021-07-04 23:22:41', '2021-07-04 23:22:41'),
(8, NULL, '60e4aafbdb627', 2, NULL, 1, '2021-07-06 19:12:43', '2021-07-06 19:12:43'),
(9, NULL, '60e5a236bce51', 2, NULL, 1, '2021-07-07 12:46:46', '2021-07-07 12:46:46'),
(15, NULL, '60e9fb664198f', 5, '[\"6\"]', 1, '2021-07-10 19:56:22', '2021-07-10 19:56:22'),
(16, NULL, '60ea7e8da7ae3', 7, NULL, 1, '2021-07-11 05:15:57', '2021-07-11 05:15:57'),
(17, 2, '60ea7e8da7ae3', 7, NULL, 1, '2021-07-11 05:17:35', '2021-07-11 05:17:35'),
(18, NULL, '60eb00eef3610', 8, '[\"15\"]', 1, '2021-07-11 14:32:14', '2021-07-11 14:32:14'),
(19, NULL, '60eb51f4efae8', 5, '[\"6\"]', 1, '2021-07-11 20:18:11', '2021-07-11 20:18:11'),
(22, NULL, '60ed27ce64446', 4, NULL, 1, '2021-07-13 05:42:38', '2021-07-13 05:42:38'),
(24, NULL, '60eed6ff629f1', 12, '[\"17\"]', 1, '2021-07-14 12:22:23', '2021-07-14 12:22:23'),
(26, NULL, '60f38f8a17992', 5, '[\"6\"]', 1, '2021-07-18 02:18:50', '2021-07-18 02:18:50'),
(27, NULL, '60f5a5d048b1d', 8, '[\"15\"]', 1, '2021-07-19 16:18:24', '2021-07-19 16:18:24'),
(42, NULL, '610012531f4a0', 12, '[\"18\"]', 1, '2021-07-27 14:04:03', '2021-07-27 14:04:03'),
(43, NULL, '61006d96c0a63', 5, '[\"6\"]', 1, '2021-07-27 20:33:26', '2021-07-27 20:33:26'),
(44, NULL, '610099f113838', 12, '[\"17\"]', 2, '2021-07-27 23:42:41', '2021-07-27 23:42:41'),
(45, NULL, '61009fd3498a2', 4, NULL, 4, '2021-07-28 00:08:22', '2021-07-28 00:08:37'),
(46, NULL, '6100ade0778f0', 12, '[\"18\"]', 2, '2021-07-28 01:07:44', '2021-07-28 01:07:44'),
(47, NULL, '6100cf2a76396', 12, '[\"17\"]', 1, '2021-07-28 03:29:46', '2021-07-28 03:29:46'),
(48, NULL, '6100d1b08c6f5', 8, '[\"15\"]', 2, '2021-07-28 03:40:32', '2021-07-28 03:40:32'),
(49, NULL, '61013017d97c7', 5, '[\"7\"]', 1, '2021-07-28 10:23:19', '2021-07-28 10:23:19'),
(50, NULL, '6101938a8e48d', 10, '[\"16\"]', 1, '2021-07-28 17:27:38', '2021-07-28 17:27:38'),
(51, NULL, '61019da138464', 5, '[\"7\"]', 1, '2021-07-28 18:10:41', '2021-07-28 18:10:41'),
(53, NULL, '61019da138464', 6, '[\"10\",\"13\"]', 1, '2021-07-28 18:11:41', '2021-07-28 18:11:41'),
(54, NULL, '6101bf367183e', 6, '[\"10\",\"12\"]', 1, '2021-07-28 20:33:58', '2021-07-28 20:33:58'),
(55, NULL, '6101bf367183e', 12, '[\"17\"]', 2, '2021-07-28 20:34:09', '2021-07-28 20:34:24'),
(56, NULL, '6102008baaae8', 5, '[\"6\"]', 1, '2021-07-29 01:12:43', '2021-07-29 01:12:43'),
(57, NULL, '610201e84dd74', 7, NULL, 1, '2021-07-29 01:18:32', '2021-07-29 01:18:32'),
(58, NULL, '610218723013c', 6, '[\"11\",\"13\"]', 1, '2021-07-29 02:54:42', '2021-07-29 02:54:42'),
(59, NULL, '610285b07de9b', 5, '[\"6\"]', 3, '2021-07-29 10:40:48', '2021-07-29 10:41:11'),
(60, NULL, '610306dab31f4', 10, '[\"16\"]', 7, '2021-07-29 19:54:51', '2021-07-29 19:54:57'),
(61, NULL, '610451e65d172', 4, NULL, 15, '2021-07-30 19:28:04', '2021-07-30 19:28:04'),
(62, NULL, '610451e65d172', 6, '[\"9\",\"13\"]', 2, '2021-07-30 19:31:39', '2021-07-30 19:31:39'),
(67, NULL, '610486586b3c5', 6, '[\"9\",\"12\"]', 3, '2021-07-30 23:08:08', '2021-07-30 23:08:08'),
(68, NULL, '61048c6d946fe', 8, '[\"15\"]', 1, '2021-07-30 23:34:05', '2021-07-30 23:34:05'),
(69, NULL, '61053539dffaf', 10, '[\"16\"]', 2, '2021-07-31 11:36:16', '2021-07-31 11:36:16'),
(70, NULL, '6105733eea026', 5, '[\"6\"]', 1, '2021-07-31 15:58:54', '2021-07-31 15:58:54'),
(71, NULL, '61057a2da1f9c', 4, NULL, 1, '2021-07-31 16:28:29', '2021-07-31 16:28:29'),
(77, NULL, '6105c2d6f2dc1', 5, '[\"6\"]', 2, '2021-07-31 21:38:30', '2021-07-31 21:38:30'),
(78, NULL, '6105cd41d0577', 4, NULL, 1, '2021-07-31 22:22:57', '2021-07-31 22:22:57'),
(79, NULL, '6105cd9fb10e9', 8, '[\"15\"]', 1, '2021-07-31 22:24:31', '2021-07-31 22:24:31'),
(81, NULL, '610600001144f', 4, NULL, 1, '2021-08-01 01:59:28', '2021-08-01 03:35:43'),
(82, NULL, '61060101531c1', 10, '[\"16\"]', 2, '2021-08-01 02:03:45', '2021-08-01 02:04:53'),
(83, NULL, '610609b565da7', 8, '[\"15\"]', 2, '2021-08-01 02:40:53', '2021-08-01 02:40:53'),
(84, NULL, '61061d9f2264c', 8, '[\"15\"]', 5, '2021-08-01 04:05:51', '2021-08-01 04:05:51'),
(86, NULL, '61063048bad1a', 5, '[\"7\"]', 1, '2021-08-01 05:26:16', '2021-08-01 05:26:16'),
(87, NULL, '61063d0c1c674', 6, '[\"9\",\"12\"]', 1, '2021-08-01 06:19:56', '2021-08-01 06:19:56'),
(89, NULL, '61071a50c965b', 7, NULL, 3, '2021-08-01 22:04:17', '2021-08-01 22:04:43'),
(90, NULL, '61072cc7450c7', 4, NULL, 1, '2021-08-01 23:22:47', '2021-08-01 23:22:47'),
(91, NULL, '61072e4fafe39', 8, '[\"15\"]', 1, '2021-08-01 23:29:19', '2021-08-01 23:29:19'),
(92, NULL, '610738c5ba93a', 6, '[\"10\",\"13\"]', 1, '2021-08-02 00:13:57', '2021-08-02 00:13:57'),
(93, NULL, '610738c5ba93a', 8, '[\"15\"]', 1, '2021-08-02 00:14:14', '2021-08-02 00:14:14'),
(97, 5, '610831ce14260', 8, '[\"15\"]', 10, '2021-08-02 17:56:30', '2021-08-02 17:59:47'),
(98, 5, '610831ce14260', 4, NULL, 1, '2021-08-02 17:57:17', '2021-08-02 17:59:47'),
(99, NULL, '610a045ab489b', 8, '[\"15\"]', 1, '2021-08-04 03:07:06', '2021-08-04 03:07:06'),
(100, NULL, '610ac103b7087', 5, '[\"6\"]', 1, '2021-08-04 16:32:03', '2021-08-04 16:32:03'),
(101, 5, '610bf7d661824', 12, '[\"17\"]', 2, '2021-08-05 14:38:14', '2021-08-05 14:38:14'),
(102, NULL, '610c00fd23bd4', 4, NULL, 2, '2021-08-05 15:17:17', '2021-08-05 15:17:18'),
(105, NULL, '6122cc06562ae', 5, '[\"6\"]', 3, '2021-08-22 22:13:26', '2021-08-22 22:13:26'),
(106, NULL, '61254168651f1', 8, '[\"15\"]', 4, '2021-08-24 18:58:48', '2021-08-24 18:59:03'),
(107, NULL, '612541bbb9bee', 7, NULL, 2, '2021-08-24 19:00:11', '2021-08-24 19:00:21'),
(108, NULL, '61254220f3540', 6, '[\"9\",\"13\"]', 1, '2021-08-24 19:01:52', '2021-08-24 19:01:52'),
(109, NULL, '61254220f3540', 5, '[\"6\"]', 2, '2021-08-24 19:02:30', '2021-08-24 19:04:45'),
(110, NULL, '612542a788052', 12, '[\"17\"]', 1, '2021-08-24 19:04:07', '2021-08-24 19:04:07'),
(111, NULL, '61254220f3540', 8, '[\"15\"]', 3, '2021-08-24 19:04:21', '2021-08-24 19:04:38'),
(112, NULL, '61254644cd8e0', 8, '[\"15\"]', 2, '2021-08-24 19:19:32', '2021-08-24 19:19:34'),
(113, NULL, '612549b1a3975', 5, '[\"6\"]', 2, '2021-08-24 19:34:09', '2021-08-24 19:34:09'),
(114, NULL, '61254b8ee8393', 4, NULL, 1, '2021-08-24 19:42:06', '2021-08-24 19:42:36'),
(115, NULL, '61254c10ed664', 5, '[\"6\"]', 1, '2021-08-24 19:44:16', '2021-08-24 19:44:16'),
(116, NULL, '61254fec26dab', 5, '[\"7\"]', 1, '2021-08-24 20:00:44', '2021-08-24 20:00:44'),
(118, NULL, '612558fd728b6', 12, '[\"17\"]', 1, '2021-08-24 20:39:25', '2021-08-24 20:39:25'),
(119, NULL, '612559050c2ce', 12, '[\"17\"]', 1, '2021-08-24 20:39:33', '2021-08-24 20:39:33'),
(120, NULL, '61255a4ab43b3', 12, '[\"18\"]', 1, '2021-08-24 20:44:58', '2021-08-24 20:44:58'),
(121, NULL, '61255e421afbe', 8, '[\"15\"]', 1, '2021-08-24 21:01:54', '2021-08-24 21:01:54'),
(122, NULL, '61255f1799802', 7, NULL, 2, '2021-08-24 21:05:27', '2021-08-24 21:07:01'),
(123, NULL, '612562ec7d9ef', 12, '[\"17\"]', 1, '2021-08-24 21:21:48', '2021-08-24 21:21:48'),
(124, NULL, '612568143036c', 8, '[\"15\"]', 1, '2021-08-24 21:43:48', '2021-08-24 21:43:48'),
(125, NULL, '61256f2d1470e', 6, '[\"10\",\"12\"]', 1, '2021-08-24 22:14:05', '2021-08-24 22:14:05'),
(126, NULL, '61256fd34ac54', 10, '[\"16\"]', 1, '2021-08-24 22:16:51', '2021-08-24 22:16:51'),
(127, NULL, '61257a0c70c63', 6, '[\"10\",\"12\"]', 1, '2021-08-24 23:00:28', '2021-08-24 23:00:28'),
(128, NULL, '61257a0c70c63', 10, '[\"16\"]', 1, '2021-08-24 23:01:03', '2021-08-24 23:01:03'),
(129, NULL, '61257ee51be1d', 5, '[\"6\"]', 1, '2021-08-24 23:21:09', '2021-08-24 23:21:09'),
(130, NULL, '61258ba27ae82', 8, '[\"15\"]', 1, '2021-08-25 00:15:30', '2021-08-25 00:15:30'),
(131, NULL, '61258fb8360c5', 8, '[\"15\"]', 1, '2021-08-25 00:32:56', '2021-08-25 00:32:56'),
(132, NULL, '6125906dca298', 10, '[\"16\"]', 1, '2021-08-25 00:35:57', '2021-08-25 00:35:57'),
(134, NULL, '612590dd71a25', 8, '[\"15\"]', 1, '2021-08-25 00:38:08', '2021-08-25 00:38:08'),
(136, NULL, '612590dd71a25', 12, '[\"17\"]', 1, '2021-08-25 00:39:05', '2021-08-25 00:39:05'),
(137, NULL, '612598a5ab26f', 8, '[\"15\"]', 2, '2021-08-25 01:11:01', '2021-08-25 01:11:01'),
(138, NULL, '61259e79c40b6', 8, '[\"15\"]', 1, '2021-08-25 01:35:53', '2021-08-25 01:35:53'),
(139, NULL, '6125a201d80a0', 6, '[\"9\",\"14\"]', 1, '2021-08-25 01:50:57', '2021-08-25 01:50:57'),
(140, NULL, '6125af3ec5225', 4, NULL, 1, '2021-08-25 02:47:26', '2021-08-25 02:47:26'),
(142, NULL, '6125b83b3a038', 4, NULL, 2, '2021-08-25 03:25:47', '2021-08-25 03:25:47'),
(143, NULL, '6125b83b3a038', 12, '[\"18\"]', 1, '2021-08-25 03:27:07', '2021-08-25 03:27:07'),
(144, NULL, '6125bfbd635e1', 6, '[\"9\",\"12\"]', 1, '2021-08-25 03:57:49', '2021-08-25 03:57:49'),
(145, NULL, '6125d71adf54f', 12, '[\"18\"]', 1, '2021-08-25 05:37:30', '2021-08-25 05:37:30'),
(146, NULL, '61261162d12b0', 8, '[\"15\"]', 1, '2021-08-25 09:46:10', '2021-08-25 09:48:18'),
(148, NULL, '61264579d73ba', 5, '[\"8\"]', 1, '2021-08-25 13:28:25', '2021-08-25 13:28:25'),
(149, NULL, '61265db4854a2', 8, '[\"15\"]', 1, '2021-08-25 15:11:48', '2021-08-25 15:11:48'),
(151, 8, '61265db4854a2', 4, NULL, 1, '2021-08-25 15:15:17', '2021-08-25 15:15:17'),
(152, NULL, '61271818b21f8', 12, '[\"18\"]', 1, '2021-08-26 04:27:04', '2021-08-26 04:27:04'),
(153, NULL, '61285ef5e42d2', 12, '[\"17\"]', 1, '2021-08-27 03:41:41', '2021-08-27 03:41:41'),
(154, NULL, '6128676fe9ccc', 6, '[\"10\",\"13\"]', 9, '2021-08-27 04:17:51', '2021-08-27 04:17:53'),
(155, NULL, '612868e96db67', 6, '[\"9\",\"12\"]', 1, '2021-08-27 04:24:09', '2021-08-27 04:24:09'),
(156, NULL, '61286ad4ca9f4', 8, '[\"15\"]', 1, '2021-08-27 04:32:20', '2021-08-27 04:32:20'),
(157, 9, '61286ad4ca9f4', 8, '[\"15\"]', 1, '2021-08-27 04:35:03', '2021-08-27 04:35:03'),
(158, NULL, '612892ed179b8', 12, '[\"18\"]', 1, '2021-08-27 07:23:25', '2021-08-27 07:23:25'),
(159, NULL, '6128b18f32679', 8, '[\"15\"]', 1, '2021-08-27 09:34:07', '2021-08-27 09:34:07'),
(160, NULL, '6128f10e81f8a', 8, '[\"15\"]', 1, '2021-08-27 14:05:02', '2021-08-27 14:05:02'),
(161, NULL, '61290699c15cf', 6, '[\"10\",\"12\"]', 1, '2021-08-27 15:36:57', '2021-08-27 15:36:57'),
(162, NULL, '61291747359f6', 12, '[\"20\"]', 1, '2021-08-27 16:48:07', '2021-08-27 16:48:07'),
(163, NULL, '61295312eb78b', 7, NULL, 1, '2021-08-27 21:03:14', '2021-08-27 21:03:14'),
(164, NULL, '612a9e50f13e2', 12, '[\"17\"]', 2, '2021-08-28 20:36:32', '2021-08-28 20:36:32'),
(165, NULL, '612aa5fa8fa0d', 4, NULL, 12, '2021-08-28 21:09:14', '2021-08-28 21:09:39'),
(166, NULL, '612aa61f49f27', 4, NULL, 1, '2021-08-28 21:09:51', '2021-08-28 21:10:34'),
(167, 10, '612aa61f49f27', 6, '[\"9\",\"12\"]', 1, '2021-08-28 21:20:38', '2021-08-28 21:20:38'),
(168, NULL, '612ad45cd6fac', 7, NULL, 1, '2021-08-29 00:27:08', '2021-08-29 00:27:08'),
(169, NULL, '612b0a0d6c2fe', 8, '[\"15\"]', 1, '2021-08-29 04:16:13', '2021-08-29 04:16:13'),
(170, NULL, '612c0fc2e9095', 5, '[\"7\"]', 2, '2021-08-29 22:52:50', '2021-08-29 22:52:50'),
(171, NULL, '612c0fc2e9095', 8, '[\"15\"]', 1, '2021-08-29 23:25:21', '2021-08-29 23:25:21'),
(172, NULL, '612da61d4f867', 8, '[\"15\"]', 1, '2021-08-31 03:46:37', '2021-08-31 03:46:37'),
(174, NULL, '612fd5c7ab5a2', 6, '[\"10\",\"12\"]', 1, '2021-09-01 19:35:09', '2021-09-01 19:35:09'),
(175, NULL, '6131ed93ef2b4', 6, '[\"9\",\"12\"]', 1, '2021-09-03 09:40:35', '2021-09-03 09:40:35'),
(176, NULL, '6133a97c7ff6f', 10, '[\"16\"]', 1, '2021-09-04 17:14:36', '2021-09-04 17:14:36'),
(178, 12, '6138d4560dff1', 8, '[\"15\"]', 1, '2021-09-08 15:18:46', '2021-09-08 15:18:46'),
(180, NULL, '613b67b9dc13c', 6, '[\"10\",\"13\"]', 2, '2021-09-10 14:13:12', '2021-09-10 14:13:12'),
(184, 1, '614c7d45b9a84', 6, '[\"10\",\"12\"]', 1, '2021-09-23 13:14:15', '2021-09-23 13:14:15'),
(185, NULL, '614d15f74d181', 6, '[\"10\",\"13\"]', 1, '2021-09-24 00:04:07', '2021-09-24 00:04:07'),
(186, NULL, '614d2ccfd18af', 5, '[\"6\"]', 1, '2021-09-24 01:42:32', '2021-09-24 01:42:32'),
(189, NULL, '614e299acc837', 5, '[\"6\"]', 1, '2021-09-24 19:40:10', '2021-09-24 19:40:10'),
(190, NULL, '61510140edfe7', 6, '[\"9\",\"12\"]', 1, '2021-09-26 23:24:48', '2021-09-26 23:24:48'),
(191, NULL, '615117d6dbfa7', 12, '[\"19\"]', 1, '2021-09-27 01:01:57', '2021-09-27 01:01:57'),
(192, NULL, '615199650fb4f', 7, NULL, 1, '2021-09-27 10:13:57', '2021-09-27 10:13:57'),
(194, NULL, '616d7f4b3bafd', 10, '[\"16\"]', 1, '2021-10-18 14:06:03', '2021-10-18 14:06:03'),
(195, NULL, '616d815b84d40', 6, '[\"10\",\"12\"]', 1, '2021-10-18 14:14:51', '2021-10-18 14:14:51'),
(196, NULL, '616f5839649c5', 4, NULL, 1, '2021-10-19 23:43:53', '2021-10-19 23:43:53'),
(197, 16, '6170716f8e76b', 12, '[\"17\"]', 2, '2021-10-20 19:43:43', '2021-10-20 19:57:30'),
(198, 16, '6170716f8e76b', 7, NULL, 4, '2021-10-20 19:44:34', '2021-10-20 19:53:45'),
(199, 16, '6170716f8e76b', 4, NULL, 1, '2021-10-20 19:44:48', '2021-10-20 19:53:45'),
(200, NULL, '61741c4b7b6fa', 4, NULL, 1, '2021-10-23 14:29:31', '2021-10-23 14:29:31'),
(201, NULL, '617420e19ccc7', 12, '[\"17\"]', 1, '2021-10-23 14:49:05', '2021-10-23 14:49:05'),
(202, NULL, '6178b22fb3da0', 4, NULL, 1, '2021-10-27 01:58:07', '2021-10-27 01:58:07'),
(203, NULL, '6178b62bc8c04', 6, '[\"10\",\"13\"]', 1, '2021-10-27 02:16:17', '2021-10-27 02:16:17'),
(204, NULL, '6178be4bd7c8c', 10, '[\"16\"]', 2, '2021-10-27 02:49:47', '2021-10-27 02:49:47'),
(206, NULL, '6178c95ed82f1', 12, '[\"17\"]', 4, '2021-10-27 03:37:51', '2021-10-27 03:39:38'),
(207, NULL, '6178c95ed82f1', 7, NULL, 3, '2021-10-27 03:38:59', '2021-10-27 03:39:34'),
(208, NULL, '6178cf3eb285d', 12, '[\"17\"]', 1, '2021-10-27 04:02:06', '2021-10-27 04:02:06'),
(209, NULL, '6178d168115e9', 6, '[\"9\",\"13\"]', 1, '2021-10-27 04:11:20', '2021-10-27 04:11:20'),
(210, NULL, '6178de9535c0b', 6, '[\"10\",\"12\"]', 1, '2021-10-27 05:07:33', '2021-10-27 05:07:33'),
(211, NULL, '61796130d7c4b', 12, '[\"18\"]', 2, '2021-10-27 14:24:48', '2021-10-27 14:24:48'),
(212, NULL, '61798c262e00a', 6, '[\"11\",\"14\"]', 1, '2021-10-27 17:28:06', '2021-10-27 17:28:06'),
(213, NULL, '6179b53a5e00f', 6, '[\"10\",\"12\"]', 1, '2021-10-27 20:23:22', '2021-10-27 20:23:22'),
(214, NULL, '6179e82838e21', 7, NULL, 1, '2021-10-28 00:00:40', '2021-10-28 00:00:40'),
(217, NULL, '617a07e8402a4', 4, NULL, 3, '2021-10-28 02:16:08', '2021-10-28 02:16:11'),
(219, NULL, '617a0f233e820', 5, '[\"8\"]', 1, '2021-10-28 02:46:59', '2021-10-28 02:46:59'),
(220, 21, '617a1223163a5', 6, '[\"10\",\"13\"]', 1, '2021-10-28 02:59:47', '2021-10-28 02:59:47'),
(221, NULL, '617a208f64217', 12, '[\"17\"]', 1, '2021-10-28 04:01:19', '2021-10-28 04:01:19'),
(222, NULL, '617a2a74c81e9', 4, NULL, 5, '2021-10-28 04:43:32', '2021-10-28 04:44:46'),
(224, 1, '617d899c803c1', 7, NULL, 1, '2021-10-30 18:06:20', '2021-10-30 18:06:20'),
(225, NULL, '617db5ca8e447', 4, NULL, 2, '2021-10-30 21:14:50', '2021-10-30 21:14:51'),
(226, NULL, '617db5ca8e447', 5, '[\"6\"]', 1, '2021-10-30 21:15:24', '2021-10-30 21:15:24'),
(227, NULL, '617ec8e8bf497', 12, '[\"17\"]', 1, '2021-10-31 16:48:40', '2021-10-31 16:48:40'),
(228, 28, '6182a175cb616', 4, NULL, 2, '2021-11-03 14:50:15', '2021-11-03 14:50:40'),
(229, 28, '6182a175cb616', 5, '[\"6\"]', 1, '2021-11-03 14:51:19', '2021-11-03 14:51:19'),
(230, 28, '6182a175cb616', 7, NULL, 1, '2021-11-03 15:03:20', '2021-11-03 15:03:20'),
(231, NULL, '6182a7f83c693', 12, '[\"17\"]', 1, '2021-11-03 15:17:12', '2021-11-03 15:17:12'),
(232, NULL, '6182a7f83c693', 4, NULL, 2, '2021-11-03 15:17:39', '2021-11-03 15:17:52'),
(233, NULL, '6182a7f83c693', 6, '[\"10\",\"12\"]', 1, '2021-11-03 15:18:45', '2021-11-03 15:18:45'),
(234, NULL, '6182a7f83c693', 10, '[\"16\"]', 1, '2021-11-03 15:19:32', '2021-11-03 15:19:32'),
(235, 1, '6182b4146d80f', 12, '[\"17\"]', 1, '2021-11-03 16:08:52', '2021-11-03 16:09:21'),
(236, 1, '6182b4146d80f', 10, '[\"16\"]', 1, '2021-11-03 16:10:13', '2021-11-03 16:10:13'),
(237, NULL, '6182b5e99a8b5', 10, '[\"16\"]', 1, '2021-11-03 16:16:41', '2021-11-03 16:16:41'),
(238, NULL, '6182b619c7e70', 12, '[\"17\"]', 1, '2021-11-03 16:17:29', '2021-11-03 16:17:29'),
(239, NULL, '6182b5e99a8b5', 4, NULL, 1, '2021-11-03 16:18:17', '2021-11-03 16:18:17'),
(240, NULL, '6182b5e99a8b5', 7, NULL, 1, '2021-11-03 16:25:44', '2021-11-03 16:25:44'),
(241, 1, '6182b991dd0f1', 12, '[\"17\"]', 1, '2021-11-03 16:32:17', '2021-11-03 16:33:02'),
(242, NULL, '61830c102dbab', 10, '[\"16\"]', 2, '2021-11-03 22:24:16', '2021-11-03 22:24:16'),
(243, NULL, '61831a16d2ae6', 4, NULL, 1, '2021-11-03 23:24:38', '2021-11-03 23:24:38'),
(244, NULL, '61831a16d2ae6', 12, '[\"17\"]', 1, '2021-11-03 23:26:59', '2021-11-03 23:26:59'),
(245, NULL, '6183a927ebb47', 6, '[\"10\",\"12\"]', 1, '2021-11-04 09:34:39', '2021-11-04 09:34:39'),
(247, NULL, '6183a927ebb47', 12, '[\"18\"]', 3, '2021-11-04 09:35:22', '2021-11-04 09:35:22'),
(248, NULL, '6183c2398fd04', 10, '[\"16\"]', 1, '2021-11-04 11:21:29', '2021-11-04 11:21:29'),
(249, NULL, '6183c2398fd04', 7, NULL, 1, '2021-11-04 11:21:45', '2021-11-04 11:21:45'),
(250, NULL, '6183c2398fd04', 5, '[\"8\"]', 1, '2021-11-04 11:28:26', '2021-11-04 11:28:26'),
(251, 1, '6183c5823724a', 5, '[\"8\"]', 1, '2021-11-04 11:35:30', '2021-11-04 11:40:27'),
(252, 1, '6183c5823724a', 7, NULL, 1, '2021-11-04 11:36:18', '2021-11-04 11:40:27'),
(253, NULL, '6183c9e3e2c77', 7, NULL, 1, '2021-11-04 11:54:11', '2021-11-04 11:54:11'),
(255, NULL, '6183cd80c8343', 6, '[\"11\",\"12\"]', 2, '2021-11-04 12:09:36', '2021-11-04 12:09:36'),
(257, NULL, '6183cd154697c', 12, '[\"17\"]', 3, '2021-11-04 12:15:48', '2021-11-04 12:15:48'),
(258, NULL, '6183cd154697c', 5, '[\"6\"]', 2, '2021-11-04 12:15:54', '2021-11-04 12:15:54'),
(259, 1, '6183db561ae19', 12, '[\"17\"]', 4, '2021-11-04 13:08:38', '2021-11-04 13:12:36'),
(260, 1, '6183db561ae19', 6, '[\"10\",\"13\"]', 1, '2021-11-04 13:08:47', '2021-11-04 13:12:36'),
(261, 1, '6183db561ae19', 5, '[\"8\"]', 1, '2021-11-04 13:09:37', '2021-11-04 13:12:36'),
(262, 1, '6183db561ae19', 10, '[\"16\"]', 1, '2021-11-04 13:10:16', '2021-11-04 13:12:36'),
(263, NULL, '6183dc1f53e4b', 7, NULL, 2, '2021-11-04 13:12:04', '2021-11-04 13:12:04'),
(264, NULL, '6183dc1f53e4b', 12, '[\"19\"]', 1, '2021-11-04 13:12:17', '2021-11-04 13:12:17'),
(267, 26, '6183dc75c3862', 5, '[\"7\"]', 2, '2021-11-04 13:13:53', '2021-11-04 13:14:41'),
(268, 26, '6183dc75c3862', 6, '[\"11\",\"14\"]', 2, '2021-11-04 13:15:05', '2021-11-04 13:15:06'),
(269, 26, '6183dc75c3862', 4, NULL, 3, '2021-11-04 13:15:57', '2021-11-04 13:16:13'),
(270, 1, '6183dd496cf16', 4, NULL, 1, '2021-11-04 13:16:57', '2021-11-04 13:17:42'),
(271, 1, '6183dd496cf16', 6, '[\"11\",\"13\"]', 1, '2021-11-04 13:17:27', '2021-11-04 13:17:42'),
(276, NULL, '6183dd8bda283', 6, '[\"10\",\"12\"]', 1, '2021-11-04 13:29:39', '2021-11-04 13:29:39'),
(277, NULL, '6183dd8bda283', 12, '[\"18\"]', 1, '2021-11-04 13:29:47', '2021-11-04 13:29:47'),
(278, NULL, '6183dd8bda283', 7, NULL, 1, '2021-11-04 13:30:04', '2021-11-04 13:30:04'),
(279, NULL, '6183e59617136', 7, NULL, 1, '2021-11-04 13:52:22', '2021-11-04 13:52:22'),
(280, NULL, '6183e59617136', 6, '[\"10\",\"13\"]', 1, '2021-11-04 13:52:37', '2021-11-04 13:52:37'),
(281, NULL, '6183e59617136', 12, '[\"18\"]', 2, '2021-11-04 13:52:44', '2021-11-04 13:52:50'),
(282, NULL, '6185822450dff', 7, NULL, 1, '2021-11-05 19:12:36', '2021-11-05 19:12:36'),
(283, NULL, '618614e08f762', 7, NULL, 2, '2021-11-06 05:38:40', '2021-11-06 05:38:40'),
(284, NULL, '618649b08be44', 12, '[\"17\"]', 1, '2021-11-06 09:24:00', '2021-11-06 09:24:00'),
(285, NULL, '618649b08be44', 7, NULL, 1, '2021-11-06 09:24:35', '2021-11-06 09:24:35'),
(286, NULL, '618649b08be44', 4, NULL, 1, '2021-11-06 09:25:54', '2021-11-06 09:25:54'),
(287, 18, '6186b41413eb8', 4, NULL, 1, '2021-11-06 16:57:56', '2021-11-06 17:03:04'),
(288, 18, '6186b41413eb8', 12, '[\"17\"]', 1, '2021-11-06 16:58:09', '2021-11-06 17:03:04'),
(289, 18, '6186b41413eb8', 7, NULL, 1, '2021-11-06 16:58:22', '2021-11-06 17:03:04');

-- --------------------------------------------------------

--
-- Estructura de tabla para la tabla `categories`
--

CREATE TABLE `categories` (
  `id` bigint(20) UNSIGNED NOT NULL,
  `parent_id` bigint(20) UNSIGNED DEFAULT NULL,
  `name` varchar(50) COLLATE utf8mb4_unicode_ci NOT NULL,
  `icon` varchar(100) COLLATE utf8mb4_unicode_ci NOT NULL,
  `meta_title` varchar(191) COLLATE utf8mb4_unicode_ci DEFAULT NULL,
  `meta_description` varchar(191) COLLATE utf8mb4_unicode_ci DEFAULT NULL,
  `meta_keywords` text CHARACTER SET utf8mb4 COLLATE utf8mb4_bin DEFAULT NULL,
  `image` varchar(191) COLLATE utf8mb4_unicode_ci DEFAULT NULL,
  `is_top` tinyint(1) NOT NULL DEFAULT 0,
  `is_special` tinyint(1) NOT NULL DEFAULT 0,
  `in_filter_menu` tinyint(1) NOT NULL DEFAULT 0,
  `created_at` timestamp NULL DEFAULT NULL,
  `updated_at` timestamp NULL DEFAULT NULL,
  `deleted_at` timestamp NULL DEFAULT NULL
) ENGINE=InnoDB DEFAULT CHARSET=utf8mb4 COLLATE=utf8mb4_unicode_ci;

--
-- Volcado de datos para la tabla `categories`
--

INSERT INTO `categories` (`id`, `parent_id`, `name`, `icon`, `meta_title`, `meta_description`, `meta_keywords`, `image`, `is_top`, `is_special`, `in_filter_menu`, `created_at`, `updated_at`, `deleted_at`) VALUES
(1, NULL, 'Ropa & Accesorios', '<i class=\"fas fa-male\"></i>', 'Vestimenta', 'Todo en ropa para Damas, Caballeros y Niños.', '[\"Casaca\",\"Abrigos\",\"Invierno\"]', '60e34a4fec4071625508431.jpg', 1, 1, 1, '2021-07-01 16:50:03', '2021-07-06 22:29:22', NULL),
(2, NULL, 'Deportes & Fitness', '<i class=\"fas fa-passport\"></i>', 'Deportes', 'Deportes y Fitness, para mantener tu cuerpo en forma y saludable', '[\"Aparatos\",\"Gimnasia\",\"deportes\",\"fitness\"]', '60e4d6b38072b1625609907.jpg', 1, 1, 0, '2021-07-01 21:40:44', '2021-07-11 14:35:44', NULL),
(3, NULL, 'Celulares y Teléfonos', '<i class=\"fas fa-mobile-alt\"></i>', 'Celulares y Teléfonos', 'Todo Celular y Teléfonos', '[\"Telefono\",\"Celular\",\"Tecnologia\"]', '60e34ae3292af1625508579.png', 1, 1, 1, '2021-07-05 18:09:39', '2021-07-06 22:26:35', NULL),
(4, NULL, 'Inmuebles', '<i class=\"fas fa-couch\"></i>', 'Casas, Departamentos', 'Compra Casas, Departamentos', '[\"Hogar\",\"Departamentos\",\"rentas\",\"alquileres\"]', '60e4d75cebb791625610076.png', 1, 1, 0, '2021-07-05 18:11:37', '2021-07-11 14:36:09', NULL),
(5, NULL, 'Juegos y Juguetes', '<i class=\"fas fa-gamepad\"></i>', 'Juegos, Juguetes', 'Acá encontraras todo los Juegos y Juguetes que quieras....', '[\"Juegos\",\"Juguetes\",\"Ni\\u00f1os\",\"Ni\\u00f1as\"]', '60e4d8528d7f21625610322.jpg', 1, 1, 1, '2021-07-05 18:17:00', '2021-07-10 20:26:32', NULL),
(6, NULL, 'Electrónica, Audio y Video', '<i class=\"fas fa-headphones\"></i>', 'Electronica, Audio, Video', 'Todo Electrónica, Audio y Video', '[\"parlante\",\"audifonos\",\"TV\",\"DVD\"]', '60e353fc41f251625510908.png', 1, 1, 1, '2021-07-05 18:48:28', '2021-07-06 22:28:29', NULL),
(7, NULL, 'Hogar, Muebles y Jardín', '<i class=\"fas fa-warehouse\"></i>', 'Hogar, Muebles y Jardín', 'Todo para el Hogar en deco, Muebles y Jardín', '[\"Hogar\",\"Muebles\",\"Herramientas\",\"Jard\\u00edn\"]', '60e4d9c749fa51625610695.jpg', 0, 0, 0, '2021-07-05 18:59:31', '2021-07-10 20:28:58', NULL),
(9, NULL, 'Computación', '<i class=\"fas fa-laptop\"></i>', 'Computación', 'Todo lo que necesitas para tu PC, Notebook o Netbook lo encontras acá.', '[\"Computaci\\u00f3n\",\"Inform\\u00e1tica\",\"Tecnolog\\u00eda\"]', '60e4d188811d71625608584.png', 1, 1, 1, '2021-07-06 21:56:24', '2021-07-06 22:12:42', NULL),
(10, NULL, 'Belleza y Cuidado Personal', '<i class=\"fas fa-american-sign-language-interpreting\"></i>', 'Belleze', 'Todo los artículos de belleza en un solo lugar', '[\"belleza\",\"Cuidado personal\"]', '60e4d252b5cb91625608786.jpg', 0, 0, 0, '2021-07-06 21:59:46', '2021-07-10 20:30:11', NULL),
(17, NULL, 'Zapatillas', '<i class=\"fas fa-shoe-prints\"></i>', 'zapatillas', 'Toda moda de calzado', NULL, '60e5b3511e6641625666385.jpg', 0, 0, 0, '2021-07-07 13:59:45', '2021-07-07 14:02:59', '2021-07-07 14:02:59'),
(18, 1, 'Moda Femenina', '<i class=\"fas fa-shoe-prints\"></i>', 'zapatillas', 'Toda zapatos de moda', '[\"Zapatos\"]', '60e5b485d85f61625666693.jpg', 0, 0, 0, '2021-07-07 14:02:45', '2021-07-07 14:04:53', NULL),
(19, 1, 'Moda Masculino', '<i class=\"fab fa-mandalorian\"></i>', 'masculino', 'Mods masculino', '[\"Moda\",\"Polos\",\"Camisas\",\"Lentes\"]', '60e5b4d002c8f1625666768.jpg', 0, 0, 0, '2021-07-07 14:06:08', '2021-07-07 14:06:08', NULL),
(20, NULL, 'Protector - COVID19', '<i class=\"fas fa-heartbeat\"></i>', 'covid', 'Protección de covid-19', NULL, '60ea01236f1251625948451.jpg', 1, 1, 1, '2021-07-10 20:20:51', '2021-07-10 20:20:51', NULL);

-- --------------------------------------------------------

--
-- Estructura de tabla para la tabla `coupons`
--

CREATE TABLE `coupons` (
  `id` bigint(20) UNSIGNED NOT NULL,
  `coupon_name` varchar(50) COLLATE utf8mb4_unicode_ci NOT NULL,
  `coupon_code` varchar(20) COLLATE utf8mb4_unicode_ci NOT NULL,
  `discount_type` tinyint(4) NOT NULL COMMENT '1=fixed, 2=percent',
  `coupon_amount` double NOT NULL DEFAULT 0,
  `description` text COLLATE utf8mb4_unicode_ci DEFAULT NULL,
  `minimum_spend` double(8,2) DEFAULT NULL,
  `maximum_spend` double(8,2) DEFAULT NULL,
  `usage_limit_per_coupon` int(11) DEFAULT NULL,
  `usage_limit_per_user` int(11) DEFAULT NULL,
  `status` tinyint(1) NOT NULL DEFAULT 1 COMMENT '0=disabled, 1=enabled',
  `start_date` date DEFAULT NULL,
  `end_date` date DEFAULT NULL,
  `created_at` timestamp NULL DEFAULT NULL,
  `updated_at` timestamp NULL DEFAULT NULL
) ENGINE=InnoDB DEFAULT CHARSET=utf8mb4 COLLATE=utf8mb4_unicode_ci;

-- --------------------------------------------------------

--
-- Estructura de tabla para la tabla `coupons_categories`
--

CREATE TABLE `coupons_categories` (
  `id` bigint(20) UNSIGNED NOT NULL,
  `coupon_id` bigint(20) UNSIGNED NOT NULL,
  `category_id` bigint(20) UNSIGNED NOT NULL
) ENGINE=InnoDB DEFAULT CHARSET=utf8mb4 COLLATE=utf8mb4_unicode_ci;

-- --------------------------------------------------------

--
-- Estructura de tabla para la tabla `coupons_products`
--

CREATE TABLE `coupons_products` (
  `id` bigint(20) UNSIGNED NOT NULL,
  `coupon_id` bigint(20) UNSIGNED NOT NULL,
  `product_id` bigint(20) UNSIGNED NOT NULL
) ENGINE=InnoDB DEFAULT CHARSET=utf8mb4 COLLATE=utf8mb4_unicode_ci;

-- --------------------------------------------------------

--
-- Estructura de tabla para la tabla `deposits`
--

CREATE TABLE `deposits` (
  `id` int(10) UNSIGNED NOT NULL,
  `user_id` int(10) UNSIGNED NOT NULL,
  `order_id` bigint(20) NOT NULL,
  `method_code` int(10) UNSIGNED NOT NULL,
  `amount` decimal(18,8) NOT NULL,
  `method_currency` varchar(191) COLLATE utf8mb4_unicode_ci NOT NULL,
  `charge` decimal(18,8) NOT NULL,
  `rate` decimal(18,8) NOT NULL,
  `final_amo` decimal(18,8) DEFAULT 0.00000000,
  `detail` text COLLATE utf8mb4_unicode_ci DEFAULT NULL,
  `btc_amo` varchar(191) COLLATE utf8mb4_unicode_ci DEFAULT NULL,
  `btc_wallet` varchar(191) COLLATE utf8mb4_unicode_ci DEFAULT NULL,
  `trx` varchar(191) COLLATE utf8mb4_unicode_ci DEFAULT NULL,
  `try` int(11) NOT NULL DEFAULT 0,
  `status` tinyint(4) NOT NULL DEFAULT 0 COMMENT '1=>success, 2=>pending, 3=>cancel',
  `admin_feedback` varchar(250) COLLATE utf8mb4_unicode_ci DEFAULT NULL,
  `created_at` timestamp NULL DEFAULT NULL,
  `updated_at` timestamp NULL DEFAULT NULL
) ENGINE=InnoDB DEFAULT CHARSET=utf8mb4 COLLATE=utf8mb4_unicode_ci;

--
-- Volcado de datos para la tabla `deposits`
--

INSERT INTO `deposits` (`id`, `user_id`, `order_id`, `method_code`, `amount`, `method_currency`, `charge`, `rate`, `final_amo`, `detail`, `btc_amo`, `btc_wallet`, `trx`, `try`, `status`, `admin_feedback`, `created_at`, `updated_at`) VALUES
(1, 1, 4, 114, '130.00000000', 'USD', '1.00000000', '1.00000000', '131.00000000', NULL, '0', '', 'F37ANPFC8KNF', 0, 0, NULL, '2021-07-01 19:24:31', '2021-07-01 19:26:49'),
(2, 1, 5, 114, '130.00000000', 'USD', '1.00000000', '1.00000000', '131.00000000', NULL, '0', 'cs_test_a1sqZyKRJcpwNoiRip7xn9GlFBoMrHY0REvD5Ct8udPXrk5d2GNWqWYoQc', 'J3KB3EPYRTEF', 0, 0, NULL, '2021-07-01 21:05:07', '2021-07-01 21:05:23'),
(3, 1, 6, 103, '35.00000000', 'USD', '1.00000000', '1.00000000', '36.00000000', NULL, '0', '', 'JZR1U2AX8R2M', 0, 0, NULL, '2021-07-07 19:50:30', '2021-07-07 20:20:56'),
(4, 1, 7, 103, '35.00000000', 'USD', '1.00000000', '1.00000000', '36.00000000', NULL, '0', '', 'TCNO32QSRTPO', 0, 0, NULL, '2021-07-07 20:26:01', '2021-07-07 20:26:20'),
(5, 1, 8, 103, '35.00000000', 'USD', '1.00000000', '1.00000000', '36.00000000', NULL, '0', '', 'UY4B1XXGNQRP', 0, 0, NULL, '2021-07-07 20:31:22', '2021-07-07 20:32:26'),
(6, 1, 11, 1000, '135.00000000', '$', '0.00000000', '1.00000000', '135.00000000', NULL, '0', '', 'SSBH5GWWPSR6', 0, 0, NULL, '2021-07-09 12:57:46', '2021-07-09 12:57:46'),
(7, 1, 12, 103, '135.00000000', 'USD', '1.00000000', '1.00000000', '136.00000000', NULL, '0', '', 'UYFTONNM57B1', 0, 1, NULL, '2021-07-09 13:06:39', '2021-07-09 13:07:25'),
(8, 1, 13, 1000, '110.00000000', '$', '0.00000000', '1.00000000', '110.00000000', NULL, '0', '', 'BJ9G1FXVJVOM', 0, 2, NULL, '2021-07-09 13:11:49', '2021-07-09 13:12:05'),
(9, 3, 14, 0, '24.08000000', 'USD', '0.00000000', '0.00000000', '24.08000000', NULL, '0', '', 'ZFD79AAMBWN6', 0, 2, NULL, '2021-07-12 05:22:27', '2021-07-12 05:22:27'),
(10, 1, 16, 0, '109.43120000', 'USD', '0.00000000', '0.00000000', '109.43120000', NULL, '0', '', 'HODK9O5JFGGV', 0, 2, NULL, '2021-07-12 12:12:06', '2021-07-12 12:12:06'),
(11, 1, 18, 0, '20.56000000', 'USD', '0.00000000', '0.00000000', '20.56000000', NULL, '0', '', '8TN5SPXO2MMC', 0, 1, NULL, '2021-07-13 13:29:35', '2021-08-03 22:57:08'),
(12, 1, 19, 103, '24.08000000', 'USD', '1.00000000', '1.00000000', '25.08000000', NULL, '0', '', 'PO9A6X4PMTOQ', 0, 0, NULL, '2021-07-14 12:27:05', '2021-07-14 12:27:05'),
(13, 1, 20, 103, '24.08000000', 'USD', '1.00000000', '1.00000000', '25.08000000', NULL, '0', '', 'J5YADJU6UQK3', 0, 0, NULL, '2021-07-26 14:23:16', '2021-07-26 14:33:20'),
(14, 1, 21, 1000, '24.08000000', '$', '0.00000000', '1.00000000', '24.08000000', NULL, '0', '', 'FV8QO7F6JKE4', 0, 0, NULL, '2021-07-26 14:36:17', '2021-07-26 14:36:17'),
(15, 1, 23, 103, '24.08000000', 'USD', '1.00000000', '1.00000000', '25.08000000', NULL, '0', '', 'MYRTAXAK4GZ9', 0, 1, NULL, '2021-07-26 18:16:43', '2021-07-26 18:17:23'),
(16, 6, 25, 0, '730.00000000', 'USD', '0.00000000', '0.00000000', '730.00000000', NULL, '0', '', 'VF5SE3Y7WQEN', 0, 1, NULL, '2021-07-30 20:27:06', '2021-08-03 23:26:52'),
(17, 1, 26, 0, '837.20000000', 'USD', '0.00000000', '0.00000000', '837.20000000', NULL, '0', '', '6ZX1ERHPFB5H', 0, 2, NULL, '2021-08-02 15:31:51', '2021-08-02 15:31:51'),
(18, 5, 27, 1000, '1877.44000000', '$', '0.00000000', '1.00000000', '1877.44000000', NULL, '0', '', 'DGQJJFJAVRB9', 0, 2, NULL, '2021-08-02 15:44:35', '2021-08-02 15:45:01'),
(19, 5, 28, 101, '837.20000000', 'USD', '9.37200000', '1.00000000', '846.57200000', NULL, '0', '', 'BOMHRXMDWCQD', 0, 0, NULL, '2021-08-02 15:47:00', '2021-08-02 15:48:57'),
(20, 5, 29, 0, '837.20000000', 'USD', '0.00000000', '0.00000000', '837.20000000', NULL, '0', '', '4XZG5PF3T33E', 0, 1, NULL, '2021-08-02 15:50:09', '2021-08-03 23:22:19'),
(21, 5, 30, 0, '10.00000000', 'USD', '0.00000000', '0.00000000', '10.00000000', NULL, '0', '', 'YM5XQS2E842X', 0, 1, NULL, '2021-08-02 15:54:18', '2021-08-03 23:20:47'),
(22, 5, 31, 103, '9002.00000000', 'USD', '1.00000000', '1.00000000', '9003.00000000', NULL, '0', '', 'RAQQMHKEMCOC', 0, 0, NULL, '2021-08-02 18:01:01', '2021-08-02 18:01:01'),
(23, 1, 32, 1000, '24.08000000', '$', '0.00000000', '1.00000000', '24.08000000', NULL, '0', '', '6QGRC5AVN7NT', 0, 2, NULL, '2021-08-21 14:29:25', '2021-08-21 14:36:00'),
(24, 1, 33, 1000, '20.56000000', '$', '0.00000000', '1.00000000', '20.56000000', NULL, '0', '', 'QM54EGOQ29QT', 0, 0, NULL, '2021-08-21 21:40:08', '2021-08-21 21:40:08'),
(25, 1, 34, 101, '20.56000000', 'USD', '1.20560000', '1.00000000', '21.76560000', NULL, '0', '', 'HGM35A9MGCR2', 0, 0, NULL, '2021-08-21 21:41:17', '2021-08-21 21:41:24'),
(26, 8, 35, 103, '1557.20000000', 'USD', '1.00000000', '1.00000000', '1558.20000000', NULL, '0', '', 'Z81C4SGTWU7Y', 0, 0, NULL, '2021-08-25 15:17:00', '2021-08-25 15:17:00'),
(27, 9, 36, 101, '1664.40000000', 'USD', '17.64400000', '1.00000000', '1682.04400000', NULL, '0', '', 'JRN4EU1H6F5S', 0, 0, NULL, '2021-08-27 04:36:47', '2021-08-27 04:36:47'),
(28, 12, 38, 103, '950.00000000', 'USD', '1.00000000', '1.00000000', '951.00000000', NULL, '0', '', 'RWYYDNGRAYY9', 0, 0, NULL, '2021-09-08 15:22:13', '2021-09-08 15:22:13'),
(29, 6, 39, 103, '26.00000000', 'USD', '1.00000000', '1.00000000', '27.00000000', NULL, '0', '', 'SF5HYEAYKCKH', 0, 0, NULL, '2021-09-08 16:58:17', '2021-09-08 16:58:17'),
(30, 6, 40, 0, '26.00000000', 'USD', '0.00000000', '0.00000000', '26.00000000', NULL, '0', '', 'RZZRS2T3EAQT', 0, 2, NULL, '2021-09-08 16:58:46', '2021-09-08 16:58:46'),
(31, 1, 41, 1000, '977.00000000', '$', '0.00000000', '1.00000000', '977.00000000', NULL, '0', '', 'AEFAWCGZW2HB', 0, 0, NULL, '2021-09-21 20:02:36', '2021-09-21 20:02:50'),
(32, 1, 42, 1000, '22.00000000', '$', '0.00000000', '3.00000000', '66.00000000', NULL, '0', '', 'H7DDXBW3V5KN', 0, 0, NULL, '2021-09-21 20:06:13', '2021-09-21 20:06:13'),
(33, 1, 43, 1000, '22.00000000', '$', '0.00000000', '1.00000000', '22.00000000', NULL, '0', '', '58JO1BAYKCCQ', 0, 0, NULL, '2021-09-21 20:07:04', '2021-09-21 20:07:04'),
(34, 13, 44, 101, '42.00000000', 'USD', '1.42000000', '1.00000000', '43.42000000', NULL, '0', '', '1O1DQ34RAT1H', 0, 0, NULL, '2021-09-22 07:49:50', '2021-09-22 07:49:50'),
(35, 13, 45, 103, '42.00000000', 'USD', '1.00000000', '1.00000000', '43.00000000', NULL, '0', '', '2YHGRFAPQ6S5', 0, 1, NULL, '2021-09-22 07:50:43', '2021-09-22 07:51:03'),
(36, 14, 47, 1000, '225.99000000', '$', '0.00000000', '1.00000000', '225.99000000', NULL, '0', '', 'R6VG4YCRJPCS', 0, 2, NULL, '2021-09-24 01:47:49', '2021-09-24 01:48:30'),
(37, 14, 48, 103, '22.00000000', 'USD', '1.00000000', '1.00000000', '23.00000000', NULL, '0', '', 'N8Q4JCEK1CWH', 0, 1, NULL, '2021-09-24 12:12:24', '2021-09-24 12:13:28'),
(38, 1, 49, 1001, '26.00000000', 'S/.', '0.00000000', '1.00000000', '26.00000000', NULL, '0', '', 'SD3WTX3ZHUPP', 0, 0, NULL, '2021-10-11 23:31:13', '2021-10-11 23:31:13'),
(39, 20, 51, 103, '528.00000000', 'USD', '1.00000000', '1.00000000', '529.00000000', NULL, '0', '', '8G2AAG1UC4HZ', 0, 1, NULL, '2021-10-28 02:19:02', '2021-10-28 02:20:33'),
(40, 21, 52, 101, '16.00000000', 'USD', '1.16000000', '1.00000000', '17.16000000', NULL, '0', '', '4RRE248O33CS', 0, 0, NULL, '2021-10-28 03:01:08', '2021-10-28 03:01:08'),
(41, 23, 53, 103, '122.99000000', 'USD', '1.00000000', '1.00000000', '123.99000000', NULL, '0', '', 'CS7Y1DPO6VZU', 0, 1, NULL, '2021-10-28 05:41:02', '2021-10-28 05:42:51'),
(42, 18, 54, 103, '835.00000000', 'USD', '1.00000000', '1.00000000', '836.00000000', NULL, '0', '', '3Z5SK4E7YGNH', 0, 0, NULL, '2021-11-06 17:04:44', '2021-11-06 17:04:44');

-- --------------------------------------------------------

--
-- Estructura de tabla para la tabla `email_sms_templates`
--

CREATE TABLE `email_sms_templates` (
  `id` int(10) UNSIGNED NOT NULL,
  `act` varchar(191) COLLATE utf8mb4_unicode_ci NOT NULL,
  `name` varchar(191) COLLATE utf8mb4_unicode_ci NOT NULL,
  `subj` varchar(191) COLLATE utf8mb4_unicode_ci NOT NULL,
  `email_body` text COLLATE utf8mb4_unicode_ci DEFAULT NULL,
  `sms_body` text COLLATE utf8mb4_unicode_ci DEFAULT NULL,
  `shortcodes` text COLLATE utf8mb4_unicode_ci NOT NULL,
  `email_status` tinyint(4) NOT NULL DEFAULT 1,
  `sms_status` tinyint(4) NOT NULL DEFAULT 1,
  `created_at` timestamp NULL DEFAULT NULL,
  `updated_at` timestamp NULL DEFAULT NULL
) ENGINE=InnoDB DEFAULT CHARSET=utf8mb4 COLLATE=utf8mb4_unicode_ci;

--
-- Volcado de datos para la tabla `email_sms_templates`
--

INSERT INTO `email_sms_templates` (`id`, `act`, `name`, `subj`, `email_body`, `sms_body`, `shortcodes`, `email_status`, `sms_status`, `created_at`, `updated_at`) VALUES
(1, 'PASS_RESET_CODE', 'Password Reset', 'Restablecimiento de contraseña', '<div>Hemos recibido una solicitud para restablecer la contraseña de su cuenta el <b>{{time}} .<br></b></div><div>Solicitado de IP: <b>{{ip}}</b> utilizando&nbsp;<b>{{browser}}</b> en&nbsp;<b>{{operating_system}} </b>.</div><div><br></div><br><div><div><div>El código de recuperación de su cuenta es:&nbsp;&nbsp; <font size=\"6\"><b>{{code}}</b></font></div><div><br></div></div></div><div><br></div><div><font color=\"#cc0000\" size=\"4\">Si no desea restablecer su contraseña, ignore este mensaje.</font><br></div>', 'El código de recuperación de su cuenta es: {{code}}', ' {\"code\":\"Password Reset Code\",\"ip\":\"IP of User\",\"browser\":\"Browser of User\",\"operating_system\":\"Operating System of User\",\"time\":\"Request Time\"}', 1, 1, '2019-09-24 17:04:05', '2021-07-26 19:19:05'),
(2, 'PASS_RESET_DONE', 'Password Reset Confirmation', 'Has restablecido tu contraseña', '<p>Ha restablecido correctamente su contraseña.</p><p><span style=\"font-size: 0.875rem;\">Cambiaste de</span><span style=\"font-size: 0.875rem;\">&nbsp; IP: </span><b style=\"font-size: 0.875rem;\">{{ip}}</b><span style=\"font-size: 0.875rem;\">&nbsp;</span>utilizando<span style=\"font-size: 0.875rem;\">&nbsp;</span><b style=\"font-size: 0.875rem;\">{{browser}}</b><span style=\"font-size: 0.875rem;\"> en&nbsp;</span><b style=\"font-size: 0.875rem;\">{{operating_system}}&nbsp;</b><span style=\"font-size: 0.875rem;\"> en&nbsp;</span><b style=\"font-size: 0.875rem;\">{{time}}</b><br></p><p><b><br></b></p><p><font color=\"#ff0000\"><b>Si no cambió eso, comuníquese con nosotros lo antes posible.</b></font><br></p>', 'tu contraseña ha sido cambiada exitosamente', '{\"ip\":\"IP of User\",\"browser\":\"Browser of User\",\"operating_system\":\"Operating System of User\",\"time\":\"Request Time\"}', 1, 1, '2019-09-24 17:04:05', '2021-07-26 19:19:18'),
(3, 'EVER_CODE', 'Email Verification', 'por favor verifique su dirección de correo electrónico', '<div><div>Gracias por unirse a nosotros.</div><div>Utilice el siguiente código para verificar su dirección de correo electrónico.</div></div><div><br></div><div>Su código de verificación de correo electrónico es:<font size=\"6\"><b> {{code}}</b></font></div>', 'Su código de verificación de correo electrónico es: {{code}}', '{\"code\":\"Verification code\"}', 1, 1, '2019-09-24 17:04:05', '2021-07-26 19:16:58'),
(4, 'SVER_CODE', 'SMS Verification ', 'Please verify your phone', 'Your phone verification code is: {{code}}', 'Your phone verification code is: {{code}}', '{\"code\":\"Verification code\"}', 0, 1, '2019-09-24 17:04:05', '2020-03-07 19:28:52'),
(5, 'ADMIN_SUPPORT_REPLY', 'Support Ticket Reply ', 'Reply Support Ticket', '<div><p><span style=\"font-size: 11pt;\" data-mce-style=\"font-size: 11pt;\"><strong>A member from our support team has replied to the following ticket:</strong></span></p><p><b><span style=\"font-size: 11pt;\" data-mce-style=\"font-size: 11pt;\"><strong><br></strong></span></b></p><p><b>[Ticket#{{ticket_id}}] {{ticket_subject}}<br><br>Click here to reply:&nbsp; {{link}}</b></p><p>----------------------------------------------</p><p>Here is the reply : <br></p><p> {{reply}}<br></p></div><div><br></div>', '{{subject}}\r\n\r\n{{reply}}\r\n\r\n\r\nClick here to reply:  {{link}}', '{\"ticket_id\":\"Support Ticket ID\", \"ticket_subject\":\"Subject Of Support Ticket\", \"reply\":\"Reply from Staff/Admin\",\"link\":\"Ticket URL For relpy\"}', 1, 1, '2020-06-08 12:00:00', '2020-05-03 20:24:40'),
(6, 'ORDER_ON_PROCESSING_CONFIRMATION', 'Send Order On Processing Alert', 'Order On Processing Alert', 'Greetings from {{site_name}}\r\nYour Order is on processing now get ready to to receive your products.\r\n\r\nYour Order ID: {{order_id}} ', 'Greetings from {{site_name}}\r\nYour Order is on processing now get ready to to receive your products.\r\n\r\nYour Order ID: {{order_id}} ', '{\"site_name\":\"Company Name\", \"order_id\":\"Order ID\"}', 1, 1, '2020-01-07 18:52:55', '2020-01-07 18:52:55'),
(7, 'ORDER_DISPATCHED_CONFIRMATION', 'Send Order Dispatched Alert', 'Alerta de pedido enviado', 'Saludos desde {{site_name}}\r\nSu pedido ha sido enviado por favor reciba sus productos.&nbsp;<div>Su ID de pedido: {{order_id}} </div>', 'Saludos desde {{site_name}}\r\nSu pedido ha sido enviado por favor reciba sus productos.\r\n\r\nSu ID de pedido: {{order_id}}', '{\"site_name\":\"Company Name\", \"order_id\":\"Order ID\"}', 1, 1, '2020-01-07 19:07:31', '2021-07-26 19:22:06'),
(8, 'ORDER_CANCELLATION_CONFIRMATION', 'Send Cancellation Alert', 'Alerta de cancelación', 'Saludos desde {{site_name}}.&nbsp;Lamentamos decirle que no pudimos aceptar su pedido ahora.<div style=\"\">Tu pedido ha sido cancelado.</div><br>Su ID de pedido<font color=\"#212529\"><span style=\"font-size: 1rem;\">: {{order_id}}</span></font>', 'Saludos desde {{site_name}}. \r\n\r\nSu pedido será cancelado............\r\n\r\nSu ID de pedido: {{order_id}}', '{\"site_name\":\"Company Name\", \"order_id\":\"Order ID\"}', 1, 0, '2019-11-27 07:04:05', '2021-07-26 19:20:09'),
(9, 'ORDER_RETAKE_CONFIRMATION', 'Send Order Retake Confirmation', 'Order Retake Confirmation', 'Greetings from {{site_name}}\r\nYour Order has been retaken.\r\n<div><span style=\"font-family: &quot;Open Sans&quot;, sans-serif;\">Order ID <b>{{order_id}}&nbsp;</b></span><br></div>', 'Greetings from {{site_name}}\r\nYour Order has been retaken.\r\nOrder ID {{order_id}}  ', '{\"site_name\":\"Company Name\", \"order_id\":\"Order ID\"}', 1, 0, '2019-11-27 07:52:01', '2019-11-27 04:53:32'),
(10, 'ORDER_DELIVERY_CONFIRMATION', 'Send Order Delivery Confirmation', 'Confirmación de entrega del pedido', 'Saludos desde {{site_name}}\r\nSu pedido de ha sido entregado. Gracias por su compra con nosotros. Solicitar ID :{{order_id}}', 'Saludos desde {{site_name}}\r\nSu pedido de ha sido entregado. Gracias por tu compra con nosotros.\r\nSolicitar ID :{{order_id}}', '{\"site_name\":\"Company Name\",\"trx\":\"Transaction Number\", \"order_id\":\"Order Track Number\",\"charge\":\"Charge Amount\"}', 1, 0, '2019-11-27 07:24:27', '2021-07-26 19:21:01'),
(11, 'DEPOSIT_COMPLETE', 'Order Confirmation With Automatic Payment', 'Pedido completado con éxito', '<div>Tu orden de <b>{{amount}} {{currency}}</b> es a través de&nbsp; <b>{{method_name}} </b>se ha completado con éxito.<b><br></b></div><div><b><br></b></div><div><font color=\"#212529\"><b>Detalles de su pedido:</b></font><br></div><div><br></div><div>Monto : {{amount}} {{currency}}</div><div>Cargar: <font color=\"#000000\">{{charge}} {{currency}}</font></div><div><br></div><div>Tasa de conversión: 1 {{currency}} = {{rate}} {{method_currency}}</div><div>Pagado: {{method_amount}} {{method_currency}} <br></div><div>Pagado a través de :&nbsp; {{method_name}}</div><div><br></div><div>Número de transacción : {{trx}}</div><div>Solicitar ID<span style=\"color: rgb(33, 37, 41);\">: {{order_id}}</span></div><div><br></div><div><br><br><br></div>', '{{amount}} {{currrency}} Deposite con éxito por {{gateway_name}}', '{\"trx\":\"Transaction Number\", \"order_id\":\"Order ID\",\"amount\":\"Request Amount By user\",\"charge\":\"Gateway Charge\",\"currency\":\"Site Currency\",\"rate\":\"Conversion Rate\",\"method_name\":\"Deposit Method Name\",\"method_currency\":\"Deposit Method Currency\",\"method_amount\":\"Deposit Method Amount After Conversion\"}', 1, 1, '2020-06-24 06:00:00', '2021-07-26 19:18:48'),
(12, 'DEPOSIT_REQUEST', 'Manual Payment - User Requested', 'Solicitud de pedido enviada con éxito', '<div>Su solicitud de pedido de <b>{{amount}} {{currency}}</b> es a través de&nbsp; <b>{{method_name}}&nbsp;</b>Enviado satisfactoriamente .<b><br></b></div><div><b><br></b></div><div><font color=\"#212529\"><b>Detalles de su pedido:</b></font><br></div><div><br></div><div>Monto : {{amount}} {{currency}}</div><div>Cargar: <font color=\"#FF0000\">{{charge}} {{currency}}</font></div><div><br></div><div>Tasa de conversión : 1 {{currency}} = {{rate}} {{method_currency}}</div><div>Pagado: {{method_amount}} {{method_currency}} <br></div><div>Pagar vía :&nbsp; {{method_name}}</div><div><br></div><div>Número de transacción<span style=\"color: rgb(33, 37, 41); font-size: 1rem;\">&nbsp;: {{trx}}</span><br></div><div>Solicitar ID<span style=\"color: rgb(33, 37, 41);\">: {{order_id}}</span><br></div><div><br></div>', '{{amount}} Depósito solicitado por {{method}}. Cargar: {{charge}} . Trx: {{trx}}', '{\"trx\":\"Transaction Number\", \"order_id\":\"Order ID\",\"amount\":\"Request Amount By user\",\"charge\":\"Gateway Charge\",\"currency\":\"Site Currency\",\"rate\":\"Conversion Rate\",\"method_name\":\"Deposit Method Name\",\"method_currency\":\"Deposit Method Currency\",\"method_amount\":\"Deposit Method Amount After Conversion\"}', 1, 1, '2020-05-31 06:00:00', '2021-07-26 19:18:28'),
(13, 'DEPOSIT_APPROVE', 'Manual Payment - Admin Approved', 'Su pedido está aprobado', '<div>Su solicitud de pedido de&nbsp;<b>{{amount}} {{currency}}</b> es a través de&nbsp; <b>{{method_name}}&nbsp;</b>esta aprobado .</div><div><font color=\"#212529\"><b><br></b></font></div><div><font color=\"#212529\"><b>Detalles de su pedido:</b></font><br></div><div><br></div><div>Monto : {{amount}} {{currency}}</div><div>Cargar:&nbsp;&nbsp;<font color=\"#FF0000\">{{charge}} {{currency}}</font></div><div><br></div><div>Tasa de conversión : 1 {{currency}} = {{rate}} {{method_currency}}</div><div>Pagado : {{method_amount}} {{method_currency}} <br></div><div>Pagado a través de :&nbsp; {{method_name}}</div><div><br></div><div>Número de transacción : {{trx}}</div><div>Solicitar ID: {{order_id}}</div><div><br><br></div>', 'El administrador aprueba su {{amount}} {{gateway_currency}} solicitud de pago por {{gateway_name}} transacción: {{transaction}}', '{\"trx\":\"Transaction Number\",\"order_id\":\"Order ID\", \"amount\":\"Request Amount By user\",\"charge\":\"Gateway Charge\",\"currency\":\"Site Currency\",\"rate\":\"Conversion Rate\",\"method_name\":\"Deposit Method Name\",\"method_currency\":\"Deposit Method Currency\",\"method_amount\":\"Deposit Method Amount After Conversion\"}', 1, 1, '2020-06-16 06:00:00', '2021-07-26 19:17:36'),
(14, 'DEPOSIT_REJECT', 'Manual Payment - Admin Rejected', 'Su solicitud de pedido es rechazada', '<div>Su solicitud de pedido de <b>{{amount}} {{currency}}</b> es a través de&nbsp; <b>{{method_name}}&nbsp;</b><font color=\"#212529\"><b>Ha sido rechazado.</b></font><b><br></b></div><br><div>El número de transacción era : {{trx}}</div><div>El ID del pedido era<span style=\"color: rgb(33, 37, 41);\">: {{order_id}}</span><br></div><div><br></div><div>Si tiene alguna consulta, no dude en contactarnos.<br></div><br><div><br><br></div>\r\n\r\n\r\n\r\n{{rejection_message}}', 'El administrador rechazó su {{amount}} {{gateway_currency}} solicitud de pago por {{gateway_name}}\r\n\r\n{{rejection_message}}', '{\"trx\":\"Transaction Number\",\"order_id\":\"order_id\",\"amount\":\"Request Amount By user\",\"charge\":\"Gateway Charge\",\"currency\":\"Site Currency\",\"rate\":\"Conversion Rate\",\"method_name\":\"Deposit Method Name\",\"method_currency\":\"Deposit Method Currency\",\"method_amount\":\"Deposit Method Amount After Conversion\",\"rejection_message\":\"Rejection message\"}', 1, 1, '2020-06-09 06:00:00', '2021-07-26 19:18:03'),
(15, 'WELCOME_MESSAGE', 'Welcome Message To A Customer After Create An Account', 'Welcome Message', 'Hello {{user_name}} Welcome to {{site_name}}!', 'Hello {{user_name}} Welcome to {{site_name}}!', '{\"site_name\":\"Site Name\", \"user_name\":\"user_name\", \"user_email\":\"user_email\", \"user_mobile\":\"User Mobile Number\"}', 1, 1, NULL, NULL);

-- --------------------------------------------------------

--
-- Estructura de tabla para la tabla `frontends`
--

CREATE TABLE `frontends` (
  `id` int(10) UNSIGNED NOT NULL,
  `data_keys` varchar(40) COLLATE utf8mb4_unicode_ci NOT NULL,
  `data_values` text COLLATE utf8mb4_unicode_ci DEFAULT NULL,
  `created_at` timestamp NULL DEFAULT NULL,
  `updated_at` timestamp NULL DEFAULT NULL
) ENGINE=InnoDB DEFAULT CHARSET=utf8mb4 COLLATE=utf8mb4_unicode_ci;

--
-- Volcado de datos para la tabla `frontends`
--

INSERT INTO `frontends` (`id`, `data_keys`, `data_values`, `created_at`, `updated_at`) VALUES
(1, 'seo.data', '{\"seo_image\":\"1\",\"keywords\":[\"OwenSyx\",\"eComerce\",\"shopping\",\"brand\",\"product\",\"dress\",\"shoe\",\"laptop\",\"payment\",\"pen\",\"gateway\",\"glass\",\"cloth\",\"tshirt\",\"pant\",\"hat\",\"bed\",\"kitchen\",\"rack\",\"house\",\"order\",\"support\",\"call\",\"online\",\"ofline\"],\"description\":\"OwenSyx ofrece toneladas de productos en m\\u00e1s de 20 categor\\u00edas diferentes, que incluyen moda masculina, moda femenina, moda infantil y m\\u00e1s.\",\"social_title\":\"OwenSyx\",\"social_description\":\"OwenSyx ofrece toneladas de productos en m\\u00e1s de 20 categor\\u00edas diferentes, que incluyen moda masculina, moda femenina, moda infantil y m\\u00e1s.\",\"image\":\"60feaf906c1af1627303824.jpg\"}', '2020-07-02 23:42:52', '2021-07-26 12:51:13'),
(2, 'footer.content', '{\"has_image\":\"1\",\"cell_number\":\"+ (51) 9345677543\",\"email\":\"test@site.com\",\"contact_address\":\"OwenSyx, Lima 60, Road #5555\",\"footer_note\":\"OwenSyx le ofrece toneladas de productos en m\\u00e1s de 20 categor\\u00edas diferentes, que incluyen moda para hombres, moda para mujeres, moda para beb\\u00e9s y m\\u00e1s.\",\"copyright_text\":\"Copyright \\u00a9 Owensyx 2021. Reservados todos los derechos.\",\"payment_methods\":\"60e35dc1acf681625513409.png\"}', '2020-10-26 00:59:19', '2021-07-05 19:30:09'),
(8, 'banners_top.element', '{\"has_image\":[\"1\"],\"title\":\"Oferta\",\"label\":\"Sneaker\",\"label_background\":\"Red\",\"size\":\"340x518\",\"link\":\"category\\/1\\/mens-fashion\",\"image\":\"60f38c220a8961626573858.jpg\"}', '2020-12-13 03:02:04', '2021-07-18 02:04:18'),
(9, 'banners_top.element', '{\"has_image\":[\"1\"],\"title\":\"Nike PRO\",\"label\":\"Nike sneaker\",\"label_background\":\"Red\",\"size\":\"340x275\",\"link\":\"\\/visermart\\/category\\/5\\/shoes\",\"image\":\"60f38b775bcb71626573687.png\"}', '2020-12-13 03:41:41', '2021-07-18 02:01:27'),
(10, 'banners_top.element', '{\"has_image\":[\"1\"],\"title\":\"Sneakers\",\"label\":\"Sport\",\"label_background\":\"Red\",\"size\":\"340x275\",\"link\":\"category\\/3\\/womens-fashion\",\"image\":\"60f38bf4dc39b1626573812.jpg\"}', '2020-12-13 04:15:54', '2021-07-18 02:03:33'),
(11, 'banners_top.element', '{\"has_image\":[\"1\"],\"title\":\"C\\u00e1mara Canon\",\"label\":\"C\\u00e1mara PRO\",\"label_background\":\"Red\",\"size\":\"340x518\",\"link\":\"category\\/1\\/mens-fashion\",\"image\":\"60f38b36b786e1626573622.jpg\"}', '2020-12-13 04:16:41', '2021-07-18 02:00:22'),
(12, 'banners_top.element', '{\"has_image\":[\"1\"],\"title\":\"Gran Venta\",\"label\":\"Gan Venta\",\"label_background\":\"Red\",\"size\":\"340x275\",\"link\":\"category\\/4\\/clothing\",\"image\":\"60f38bb5914641626573749.jpg\"}', '2020-12-13 04:17:57', '2021-07-18 02:02:29'),
(13, 'subscribe.content', '{\"text\":\"Suscr\\u00edbase a nuestro bolet\\u00edn para recibir las \\u00faltimas noticias, actualizaciones y ofertas especiales.\"}', '2020-12-13 06:17:27', '2021-07-26 12:44:58'),
(14, 'banners_top.element', '{\"has_image\":[\"1\"],\"title\":\"Polos Adidas\",\"label\":\"Adidas\",\"label_background\":\"Red\",\"size\":\"340x518\",\"link\":\"category\\/12\\/electronics\",\"image\":\"60f38afec9f271626573566.jpg\"}', '2020-12-13 06:40:08', '2021-07-18 02:01:52'),
(15, 'banners_two.element', '{\"has_image\":\"1\",\"link\":\"\\/\",\"img\":\"5fe095b019e191608553904.jpg\"}', '2020-12-19 06:31:44', '2020-12-19 06:31:44'),
(23, 'contact_page.content', '{\"has_image\":\"1\",\"title\":\"Cont\\u00e1ctanos\",\"description\":\"Agradecemos los comentarios y la interacci\\u00f3n de cualquier tipo, as\\u00ed que no dude en ponerse en contacto.\",\"image\":\"6016adfe7f1cb1612099070.png\"}', '2020-12-21 10:27:21', '2021-07-05 18:01:41'),
(24, 'social_icon.element', '{\"title\":\"Twitter\",\"social_icon\":\"<i class=\\\"fab fa-twitter\\\"><\\/i>\",\"url\":\"https:\\/\\/www.twitter.com\"}', '2020-12-24 08:35:58', '2020-12-24 08:36:12'),
(25, 'social_icon.element', '{\"title\":\"Instagram\",\"social_icon\":\"<i class=\\\"fab fa-instagram\\\"><\\/i>\",\"url\":\"https:\\/\\/www.instagram.com\"}', '2020-12-24 08:36:56', '2020-12-24 08:36:56'),
(26, 'social_icon.element', '{\"title\":\"YouTube\",\"social_icon\":\"<i class=\\\"fab fa-linkedin-in\\\"><\\/i>\",\"url\":\"https:\\/\\/www.linkedin.com\\/\"}', '2020-12-24 08:37:35', '2021-11-03 16:13:15'),
(27, 'about_page.content', '{\"page_title\":\"Sobre nosotros\",\"description\":\"OwenSyx es un sitio de comercio electr\\u00f3nico que ser\\u00e1 capaz de proporcionar todo tipo de bienes y productos de todos los sectores a todos los consumidores de todo el mundo. El mercado mundial estar\\u00e1 al alcance de la mano para cualquier cliente que posea un tel\\u00e9fono inteligente \\/ computadora y una conexi\\u00f3n a Internet. Podr\\u00e1n comprar todo; desde un imperdible hasta un edificio de apartamentos desde nuestro sitio web. Hemos reunido a las mentes m\\u00e1s brillantes y les hemos dado la plataforma para que rindan al m\\u00e1ximo. Toda la extracci\\u00f3n y optimizaci\\u00f3n de datos se ha realizado internamente y no se ha realizado ninguna subcontrataci\\u00f3n de ninguna organizaci\\u00f3n.\\n\\nEs una plataforma donde las personas pueden comprar todo tipo de productos desde un solo sitio web. Desde un l\\u00e1piz hasta un libro, un vestido, un tel\\u00e9fono celular, un autom\\u00f3vil y una tierra; todo est\\u00e1 disponible en este sitio web. Est\\u00e1 construido por un equipo de desarrolladores que tienen las mentes m\\u00e1s agudas en este sector y est\\u00e1n dedicados solo a Droplet Limited. No contratamos puntos de subcontrataci\\u00f3n y eso garantiza la seguridad de todos nuestros usuarios. No hay absolutamente ninguna posibilidad de que se filtre informaci\\u00f3n gracias a nuestro equipo dedicado que trabaja todo el tiempo para garantizar que nuestro sitio web sea la plataforma de comercio electr\\u00f3nico m\\u00e1s segura. Lo que nos diferencia de otras plataformas de este tipo es la diversidad de nuestra gama de productos y la seguridad que brindamos a nuestros usuarios. Es absolutamente de vanguardia y de \\u00faltima generaci\\u00f3n y podemos garantizar que ninguna otra plataforma tiene tanta diversidad en su gama de productos. Nuestro sitio web ser\\u00e1 tan conveniente y f\\u00e1cil de usar para nuestros clientes que preferir\\u00edan hacer un pedido desde nuestro sitio web que ir a la tienda que est\\u00e1 a 100 metros de su casa. Ese es el tipo de objetivo ViserMart.com. se ha fijado por s\\u00ed mismo. Y una vez que logremos nuestros objetivos, comenzaremos a expandirnos hacia otros pa\\u00edses y nos presentaremos en una escala mucho m\\u00e1s amplia y global y abarcaremos el mundo entero con nuestro sitio web en un corto per\\u00edodo de tiempo.\"}', '2020-12-24 10:24:15', '2021-07-20 23:20:48'),
(28, 'faq_page.content', '{\"page_title\":\"Preguntas frecuentes\",\"description\":\"<h5 style=\\\"line-height:1.1;margin-bottom:15px;border:0px;padding:0px;vertical-align:baseline;text-transform:uppercase;letter-spacing:0.05rem;font-weight:600;font-size:16px;font-family:latoregular, sans-serif;color:rgb(0,0,0);\\\">\\u00bfC\\u00d3MO PUEDO CAMBIAR MI DIRECCI\\u00d3N DE ENV\\u00cdO?<\\/h5><p style=\\\"margin-right:0px;margin-bottom:20px;margin-left:0px;border:0px;font-size:16px;padding:0px;vertical-align:baseline;line-height:1.4;color:rgb(136,136,136);font-family:Lato;\\\">De forma predeterminada, la \\u00faltima direcci\\u00f3n de env\\u00edo utilizada se guardar\\u00e1 en su cuenta de la Tienda de muestras. Cuando est\\u00e9 revisando su pedido, se mostrar\\u00e1 la direcci\\u00f3n de env\\u00edo predeterminada y tendr\\u00e1 la opci\\u00f3n de modificarla si es necesario.<\\/p><h5 style=\\\"font-family:latoregular, sans-serif;font-weight:600;line-height:1.1;color:rgb(0,0,0);margin-bottom:15px;font-size:16px;border:0px;padding:0px;vertical-align:baseline;text-transform:uppercase;letter-spacing:0.05rem;\\\">\\u00bfC\\u00d3MO ACTIVO MI CUENTA?<\\/h5><p style=\\\"margin-right:0px;margin-bottom:20px;margin-left:0px;border:0px;font-size:16px;padding:0px;vertical-align:baseline;line-height:1.4;color:rgb(136,136,136);font-family:Lato;\\\">Las instrucciones para activar su cuenta se enviar\\u00e1n a su correo electr\\u00f3nico una vez que haya enviado el formulario de registro. Si no recibi\\u00f3 este correo electr\\u00f3nico, es posible que el software de correo de su proveedor de servicios de correo electr\\u00f3nico lo est\\u00e9 bloqueando. Puede intentar comprobar su carpeta de correo no deseado \\/ correo no deseado o ponerse en contacto con nosotros en help@samplestore.com<\\/p><h5 style=\\\"font-family:latoregular, sans-serif;font-weight:600;line-height:1.1;color:rgb(0,0,0);margin-bottom:15px;font-size:16px;border:0px;padding:0px;vertical-align:baseline;text-transform:uppercase;letter-spacing:0.05rem;\\\">\\u00bfA QU\\u00c9 SE REFIERE CON PUNTOS? \\u00bfC\\u00d3MO PUEDO GANARLO?<\\/h5><p style=\\\"margin-right:0px;margin-bottom:20px;margin-left:0px;border:0px;font-size:16px;padding:0px;vertical-align:baseline;line-height:1.4;color:rgb(136,136,136);font-family:Lato;\\\">Porque eres importante para nosotros, queremos saber qu\\u00e9 piensas de los productos. Como valor agregado, cada vez que califica los productos, gana puntos que van directamente a su cuenta. Se agrega 1 punto a su cuenta por cada revisi\\u00f3n que brinde. Necesitar\\u00e1 esos puntos para canjear los productos de muestra. \\u00a1As\\u00ed que sigue calificando los productos para seguir ganando puntos!<\\/p><h5 style=\\\"font-family:latoregular, sans-serif;font-weight:600;line-height:1.1;color:rgb(0,0,0);margin-bottom:15px;font-size:16px;border:0px;padding:0px;vertical-align:baseline;text-transform:uppercase;letter-spacing:0.05rem;\\\">\\u00bfPOR QU\\u00c9 HAY UN L\\u00cdMITE DE PAGO? \\/ \\u00bfCU\\u00c1LES SON TODOS LOS L\\u00cdMITES DE PAGO?<\\/h5><p style=\\\"margin-right:0px;margin-bottom:20px;margin-left:0px;border:0px;padding:0px;vertical-align:baseline;line-height:1.4;\\\"><font color=\\\"#888888\\\" face=\\\"Lato\\\"><span style=\\\"font-size:16px;\\\">Sample Store es un lugar popular y atrae a muchos compradores a la vez. Estos l\\u00edmites est\\u00e1n establecidos para garantizar que todos se diviertan probando y comprando sus productos. Entonces...<\\/span><\\/font><\\/p><p style=\\\"margin-right:0px;margin-bottom:20px;margin-left:0px;border:0px;padding:0px;vertical-align:baseline;line-height:1.4;\\\"><span style=\\\"font-size:16px;font-family:Lato;\\\">- Cada miembro tiene derecho a un solo (1) pedido de muestra por d\\u00eda.<\\/span><br \\/><\\/p><p style=\\\"margin-right:0px;margin-bottom:20px;margin-left:0px;border:0px;padding:0px;vertical-align:baseline;line-height:1.4;\\\"><span style=\\\"font-size:16px;font-family:Lato;\\\">- Cada miembro tiene derecho a un (1) paquete de muestra para cada producto.<\\/span><br \\/><\\/p><p style=\\\"margin-right:0px;margin-bottom:20px;margin-left:0px;border:0px;padding:0px;vertical-align:baseline;line-height:1.4;\\\"><span style=\\\"font-size:16px;font-family:Lato;\\\">- Su cuenta debe tener suficientes puntos antes de que pueda pagar los productos de muestra.<\\/span><br \\/><\\/p><p style=\\\"margin-right:0px;margin-bottom:20px;margin-left:0px;border:0px;padding:0px;vertical-align:baseline;line-height:1.4;\\\"><span style=\\\"font-size:16px;font-family:Lato;\\\">- Borre amablemente todos los pagos pendientes antes de otro pago.<\\/span><br \\/><\\/p><h5 style=\\\"font-family:latoregular, sans-serif;font-weight:600;line-height:1.1;color:rgb(0,0,0);margin-bottom:15px;font-size:16px;border:0px;padding:0px;vertical-align:baseline;text-transform:uppercase;letter-spacing:0.05rem;\\\">\\u00bfC\\u00d3MO PUEDO SEGUIR MIS PEDIDOS Y PAGO?<\\/h5><p style=\\\"margin-right:0px;margin-bottom:20px;margin-left:0px;border:0px;padding:0px;vertical-align:baseline;line-height:1.4;\\\"><font color=\\\"#888888\\\" face=\\\"Lato\\\"><span style=\\\"font-size:16px;\\\">Despu\\u00e9s de iniciar sesi\\u00f3n en su cuenta, el estado de su historial de pago se puede encontrar en Historial de pedidos. Para pedidos a trav\\u00e9s de franqueo certificado, se le proporcionar\\u00e1 un n\\u00famero de seguimiento (n\\u00famero de seguimiento del art\\u00edculo) despu\\u00e9s del recibo de Singapore Post Limited (SingPost).<\\/span><\\/font><br \\/><\\/p><h5 style=\\\"font-family:latoregular, sans-serif;font-weight:600;line-height:1.1;color:rgb(0,0,0);margin-bottom:15px;font-size:16px;border:0px;padding:0px;vertical-align:baseline;text-transform:uppercase;letter-spacing:0.05rem;\\\">\\u00bfC\\u00d3MO CANCELO MIS PEDIDOS ANTES DE REALIZAR UN PAGO?<\\/h5><p style=\\\"margin-right:0px;margin-bottom:20px;margin-left:0px;border:0px;font-size:16px;padding:0px;vertical-align:baseline;line-height:1.4;color:rgb(136,136,136);font-family:Lato;\\\">Despu\\u00e9s de iniciar sesi\\u00f3n en su cuenta, vaya a su carrito de compras. Aqu\\u00ed podr\\u00e1 realizar el pago o cancelar su pedido. Nota: No podemos otorgar reembolsos una vez verificado el pago.<\\/p><h5 style=\\\"font-family:latoregular, sans-serif;font-weight:600;line-height:1.1;color:rgb(0,0,0);margin-bottom:15px;font-size:16px;border:0px;padding:0px;vertical-align:baseline;text-transform:uppercase;letter-spacing:0.05rem;\\\">\\u00bfCU\\u00c1NTO TIEMPO TARDAR\\u00c1 EN LLEGAR MI PEDIDO DESPU\\u00c9S DE HACER EL PAGO?<\\/h5><p style=\\\"margin-right:0px;margin-bottom:20px;margin-left:0px;border:0px;padding:0px;vertical-align:baseline;line-height:1.4;\\\"><font color=\\\"#888888\\\" face=\\\"Lato\\\"><span style=\\\"font-size:16px;\\\">Los miembros que env\\u00edan sus pedidos dentro de Singapur deben esperar recibir sus pedidos dentro de los cinco (5) a diez (10) d\\u00edas h\\u00e1biles posteriores a la verificaci\\u00f3n del pago, seg\\u00fan el volumen de pedidos recibidos.<\\/span><\\/font><\\/p><p style=\\\"margin-right:0px;margin-bottom:20px;margin-left:0px;border:0px;padding:0px;vertical-align:baseline;line-height:1.4;\\\"><span style=\\\"font-family:Lato;font-size:16px;\\\">Si experimenta retrasos en la recepci\\u00f3n de su pedido, comun\\u00edquese con nosotros de inmediato y lo ayudaremos a confirmar el estado de su pedido.<\\/span><\\/p><h5 style=\\\"font-family:latoregular, sans-serif;font-weight:600;line-height:1.1;color:rgb(0,0,0);margin-bottom:15px;font-size:16px;border:0px;padding:0px;vertical-align:baseline;text-transform:uppercase;letter-spacing:0.05rem;\\\">\\u00bfPARA QU\\u00c9 ES LA TARIFA DE ENTREGA ACUMULADA? \\u00bfCU\\u00c1NTO ES LA TARIFA DE MANEJO?<\\/h5><p style=\\\"margin-right:0px;margin-bottom:20px;margin-left:0px;border:0px;padding:0px;vertical-align:baseline;line-height:1.4;\\\"><font color=\\\"#888888\\\" face=\\\"Lato\\\"><span style=\\\"font-size:16px;\\\">La tarifa fija por manipulaci\\u00f3n es de S $ 5,99 y solo se aplica a muestras normales. Para las muestras gratuitas, se pagan en su totalidad y no hay cargos adicionales para entregar las muestras gratuitas.<\\/span><\\/font><\\/p><p style=\\\"margin-right:0px;margin-bottom:20px;margin-left:0px;border:0px;padding:0px;vertical-align:baseline;line-height:1.4;\\\"><span style=\\\"font-size:16px;font-family:Lato;\\\">La tarifa de manipulaci\\u00f3n cubre el costo de entrega, material, mano de obra y log\\u00edstica para respaldar el servicio de muestreo. Puede canjear hasta 4 muestras diferentes en cada pago y es probable que encuentre un paquete de muestras con un suministro mayor (suministro de hasta 1 semana) en Samplestore.com.<\\/span><br \\/><\\/p><h5 style=\\\"font-family:latoregular, sans-serif;font-weight:600;line-height:1.1;color:rgb(0,0,0);margin-bottom:15px;font-size:16px;border:0px;padding:0px;vertical-align:baseline;text-transform:uppercase;letter-spacing:0.05rem;\\\">\\u00bfC\\u00d3MO SE ENV\\u00cdAN MIS PEDIDOS?<\\/h5><p style=\\\"margin-right:0px;margin-bottom:20px;margin-left:0px;border:0px;padding:0px;vertical-align:baseline;line-height:1.4;\\\"><font color=\\\"#888888\\\" face=\\\"Lato\\\"><span style=\\\"font-size:16px;\\\">Todos sus pedidos se env\\u00edan a trav\\u00e9s de Singapore Post Limited (SingPost).<\\/span><\\/font><br \\/><\\/p><h5 style=\\\"font-family:latoregular, sans-serif;font-weight:600;line-height:1.1;color:rgb(0,0,0);margin-bottom:15px;font-size:16px;border:0px;padding:0px;vertical-align:baseline;text-transform:uppercase;letter-spacing:0.05rem;\\\">\\u00bfC\\u00d3MO HAGO PAGOS CON PAYPAL? \\u00bfCOMO FUNCIONA?<\\/h5><p style=\\\"margin-right:0px;margin-bottom:20px;margin-left:0px;border:0px;padding:0px;vertical-align:baseline;line-height:1.4;\\\"><font color=\\\"#888888\\\" face=\\\"Lato\\\"><span style=\\\"font-size:16px;\\\">Paypal es la forma m\\u00e1s sencilla de realizar pagos en l\\u00ednea. Mientras revisa su pedido, ser\\u00e1 redirigido al sitio web de Paypal. Aseg\\u00farese de completar los datos correctos para un procesamiento de pagos r\\u00e1pido y sin complicaciones. Despu\\u00e9s de un pago exitoso de Paypal, se generar\\u00e1 autom\\u00e1ticamente un aviso de pago en el sistema Samplestore.com para su pedido.<\\/span><\\/font><\\/p><p style=\\\"margin-right:0px;margin-bottom:20px;margin-left:0px;border:0px;padding:0px;vertical-align:baseline;line-height:1.4;\\\"><span style=\\\"font-size:16px;font-family:Lato;\\\">Es r\\u00e1pido, f\\u00e1cil y seguro.<\\/span><br \\/><\\/p><h5 style=\\\"font-family:latoregular, sans-serif;font-weight:600;line-height:1.1;color:rgb(0,0,0);margin-bottom:15px;font-size:16px;border:0px;padding:0px;vertical-align:baseline;text-transform:uppercase;letter-spacing:0.05rem;\\\">\\u00bfCU\\u00c1LES SON LOS M\\u00c9TODOS DE PAGO DISPONIBLES?<\\/h5><p style=\\\"margin-right:0px;margin-bottom:20px;margin-left:0px;border:0px;font-size:16px;padding:0px;vertical-align:baseline;line-height:1.4;color:rgb(136,136,136);font-family:Lato;\\\">Por el momento, solo aceptamos tarjetas de cr\\u00e9dito \\/ d\\u00e9bito y pagos mediante Paypal.<\\/p><h5 style=\\\"font-family:latoregular, sans-serif;font-weight:600;line-height:1.1;color:rgb(0,0,0);margin-bottom:15px;font-size:16px;border:0px;padding:0px;vertical-align:baseline;text-transform:uppercase;letter-spacing:0.05rem;\\\">\\u00bfPUEDO PAGAR USANDO PAYPAL SIN UNA CUENTA PAYPAL?<\\/h5><p style=\\\"margin-right:0px;margin-bottom:20px;margin-left:0px;border:0px;padding:0px;vertical-align:baseline;line-height:1.4;\\\"><font color=\\\"#888888\\\" face=\\\"Lato\\\"><span style=\\\"font-size:16px;\\\">\\u00a1S\\u00ed! Com\\u00fanmente se entiende mal que se necesita una cuenta de Paypal para realizar pagos a trav\\u00e9s de Paypal. La verdad es que NO lo necesita, aunque le recomendamos que se registre para disfrutar de la facilidad de uso adicional.<\\/span><\\/font><\\/p><p style=\\\"margin-right:0px;margin-bottom:20px;margin-left:0px;border:0px;padding:0px;vertical-align:baseline;line-height:1.4;\\\"><span style=\\\"font-size:16px;font-family:Lato;\\\">Sin una cuenta de Paypal, todo lo que necesita es cualquier tarjeta de d\\u00e9bito \\/ cr\\u00e9dito indicada a continuaci\\u00f3n que sea compatible con Paypal.<\\/span><br \\/><\\/p><p style=\\\"margin-right:0px;margin-bottom:20px;margin-left:0px;border:0px;padding:0px;vertical-align:baseline;line-height:1.4;\\\"><span style=\\\"font-size:16px;font-family:Lato;\\\">Al usar Paypal, podemos procesar y entregarle sus pedidos en un tiempo m\\u00e1s corto. Paypal es la forma m\\u00e1s f\\u00e1cil y segura de realizar pagos en l\\u00ednea. No se necesita una cuenta.<\\/span><br \\/><\\/p><p style=\\\"margin-right:0px;margin-bottom:20px;margin-left:0px;border:0px;padding:0px;vertical-align:baseline;line-height:1.4;\\\"><span style=\\\"font-size:16px;font-family:Lato;\\\">Para obtener m\\u00e1s detalles, haga clic <a href=\\\"https:\\/\\/www.paypal.com\\/pe\\/webapps\\/mpp\\/what-is-paypal\\\" title=\\\"AQUI\\\">AQUI\\u00a0<\\/a><\\/span><img src=\\\"https:\\/\\/www.paypal.com\\/pe\\/webapps\\/mpp\\/what-is-paypal\\\" alt=\\\"\\\" \\/><span style=\\\"font-size:16px;font-family:Lato;\\\">para ver c\\u00f3mo funciona Paypal para usted.<\\/span><br \\/><\\/p>\"}', '2020-12-24 10:34:36', '2021-07-26 12:37:34'),
(29, 'login_page.content', '{\"has_image\":\"1\",\"title\":\"Bienvenido de nuevo\",\"description\":\"\\u00a1Hola! Bienvenido de nuevo\",\"image\":\"5fec5fd64ad681609326550.png\"}', '2020-12-28 22:03:17', '2021-07-05 17:59:38'),
(30, 'register_page.content', '{\"has_image\":\"1\",\"title\":\"Bienvenidos\",\"description\":\"Bienvenido a OwenSyx\",\"image\":\"5fec6155771601609326933.png\"}', '2020-12-28 22:04:19', '2021-07-26 12:42:40'),
(31, 'authorize_email_page.content', '{\"has_image\":\"1\",\"title\":\"Verifique sus credenciales\",\"description\":\"Se ha enviado un c\\u00f3digo de verificaci\\u00f3n a su correo electr\\u00f3nico. Visite su direcci\\u00f3n de correo electr\\u00f3nico y escriba el c\\u00f3digo en el campo de entrada a continuaci\\u00f3n.\",\"image\":\"5fec7ad312e571609333459.png\"}', '2020-12-29 01:04:19', '2021-07-26 12:21:39'),
(32, 'authorize_sms_page.content', '{\"has_image\":\"1\",\"title\":\"S\\u00f3lo un paso m\\u00e1s\",\"description\":\"Verifique su n\\u00famero de tel\\u00e9fono m\\u00f3vil.\",\"image\":\"5fec8229652221609335337.png\"}', '2020-12-29 01:35:37', '2021-07-26 12:22:23'),
(33, 'forgot_password_page.content', '{\"has_image\":\"1\",\"title\":\"No te preocupes\",\"description\":\"Env\\u00ede el correo electr\\u00f3nico para restablecer su contrase\\u00f1a.\",\"image\":\"5ff4c6a66059e1609877158.png\"}', '2021-01-04 14:05:58', '2021-07-26 12:41:33'),
(34, 'code_verify_page.content', '{\"has_image\":\"1\",\"title\":\"Verifica tu c\\u00f3digo\",\"description\":\"Te enviamos un c\\u00f3digo de verificaci\\u00f3n. Espere varios minutos para que llegue este c\\u00f3digo. Este c\\u00f3digo tendr\\u00e1 una validez de 15 minutos despu\\u00e9s de que lo solicite.\",\"image\":\"5ff4ca17eb45e1609878039.png\"}', '2021-01-04 14:20:39', '2021-07-05 18:00:45'),
(35, 'reset_password_page.content', '{\"has_image\":\"1\",\"title\":\"\\u00a1Est\\u00e9 alerta!\",\"description\":\"Env\\u00ede el correo electr\\u00f3nico con el que se registr\\u00f3 para restablecer su contrase\\u00f1a.\",\"image\":\"5ff4cd37e3d371609878839.png\"}', '2021-01-04 14:33:59', '2021-07-26 12:43:17'),
(36, 'pages.element', '{\"page_title\":\"Devoluciones y cambios\",\"description\":\"<p style=\\\"border:none;padding:0in;\\\">owensyx.com tiene en alta estima la pol\\u00edtica de devoluciones ya que pensamos constantemente en la comodidad de nuestros clientes. Tenemos una pol\\u00edtica de devoluci\\u00f3n de 3 d\\u00edas para la mayor\\u00eda de nuestros productos si el producto cumple con ciertos criterios, es decir, si el producto est\\u00e1 da\\u00f1ado o si el producto no era el art\\u00edculo que se solicit\\u00f3. Despu\\u00e9s de 3 d\\u00edas, el art\\u00edculo no ser\\u00e1 devuelto y OwenSyx.com no se har\\u00e1 responsable. Se solicita a los clientes que se pongan en contacto con nuestro equipo de atenci\\u00f3n al cliente lo antes posible para la devoluci\\u00f3n de productos no deseados. Nos reservamos el derecho de rechazar un cambio o reembolso si los productos no se devuelven en condiciones de venta o est\\u00e1n da\\u00f1ados. Todas las devoluciones se eval\\u00faan antes de ser procesadas. A menos que sean defectuosos, los medicamentos, alimentos, obsequios personalizados o productos cosm\\u00e9ticos que se hayan abierto no se pueden reembolsar ni cambiar. Esto no afecta sus derechos legales. Se aceptar\\u00e1n art\\u00edculos defectuosos hasta los t\\u00e9rminos de la garant\\u00eda del fabricante. Si no tiene el recibo del dinero, OwenSyx.com se negar\\u00e1 a aceptar la devoluci\\u00f3n del producto. OwenSyx tiene todos los derechos del saldo agregado a su cuenta. OwenSyx puede reembolsar al cliente a su medio transaccional deseado, pero el proceso puede demorar hasta 3 meses o m\\u00e1s dependiendo de las circunstancias. Todos los reembolsos y los cupones pueden estar sujetos a cambios por decisi\\u00f3n de la empresa en cualquier momento.<br \\/><\\/p>\"}', '2021-01-30 06:35:16', '2021-07-07 14:14:46'),
(37, 'pages.element', '{\"page_title\":\"Env\\u00edo y entrega\",\"description\":\"<p style=\\\"margin:0in 0in 20pt;\\\">El env\\u00edo y la entrega son una parte importante del funcionamiento de su negocio. Antes de realizar su primer pedido, debe decidir qu\\u00e9 m\\u00e9todos de env\\u00edo desea utilizar y luego configurar el env\\u00edo de su tienda para que sus clientes puedan elegir un m\\u00e9todo de entrega al finalizar la compra.<\\/p><p style=\\\"margin:0in 0in 20pt;\\\"><br \\/><\\/p><p style=\\\"margin:0in 0in 20pt;\\\">Si su empresa vende productos f\\u00edsicos, existen diferentes m\\u00e9todos para hacer llegar sus productos a sus clientes. Estos m\\u00e9todos dependen de lo que sea aplicable a su negocio y del tipo de bienes f\\u00edsicos que venda.<\\/p><p style=\\\"margin:0in 0in 20pt;\\\"><br \\/><\\/p><p style=\\\"margin:0in 0in 20pt;\\\">Los tres m\\u00e9todos principales son env\\u00edo, entrega local y recogida local. Su empresa puede utilizar cualquiera de estos m\\u00e9todos para entregar sus productos.<\\/p><p style=\\\"margin:0in 0in 20pt;\\\"><br \\/><\\/p><p style=\\\"margin:0in 0in 20pt;\\\">Por ejemplo, si administra un restaurante, es probable que solo necesite habilitar los m\\u00e9todos de entrega local o recogida local. Si tiene una empresa de impresi\\u00f3n bajo demanda sin inventario disponible, es probable que solo necesite habilitar las tarifas de env\\u00edo sin m\\u00e9todos locales. Si eres un artista sin escaparate, puedes habilitar los m\\u00e9todos de env\\u00edo y entrega local si deseas enviar la mayor\\u00eda de tus productos, y ofrecerte a entregar tu arte a los compradores locales t\\u00fa mismo.<\\/p><p><\\/p>\"}', '2021-01-30 06:35:37', '2021-07-07 14:15:36'),
(38, 'pages.element', '{\"page_title\":\"T\\u00e9rminos y condiciones\",\"description\":\"<p style=\\\"margin:0in 0in 0.0001pt;\\\"><b>\\u00a1Bienvenido a OwenSyx!<\\/b><br \\/><\\/p><p><\\/p><p style=\\\"margin:0in 0in 0.0001pt;\\\">\\u00a0<\\/p><p class=\\\"MsoNormal\\\" style=\\\"margin-bottom:0.0001pt;line-height:normal;\\\">Estos t\\u00e9rminos y condiciones describen las reglas y regulaciones para el uso del sitio web de OwenSyx, ubicado en ViserMart.com. Al acceder a este sitio web, asumimos que acepta estos t\\u00e9rminos y condiciones. No contin\\u00fae usando OwenSyx si no est\\u00e1 de acuerdo con todos los t\\u00e9rminos y condiciones establecidos en esta p\\u00e1gina. Nuestros T\\u00e9rminos y Condiciones fueron creados con la ayuda del Generador de T\\u00e9rminos y Condiciones y el Generador de T\\u00e9rminos y Condiciones Gratis. La siguiente terminolog\\u00eda se aplica a estos T\\u00e9rminos y condiciones, Declaraci\\u00f3n de privacidad y Aviso de exenci\\u00f3n de responsabilidad y todos los Acuerdos: \\\"Cliente\\\", \\\"Usted\\\" y \\\"Su\\\" se refiere a usted, la persona que inicia sesi\\u00f3n en este sitio web y cumple con los t\\u00e9rminos y condiciones de la Compa\\u00f1\\u00eda. . \\\"La Compa\\u00f1\\u00eda\\\", \\\"Nosotros\\\", \\\"Nosotros\\\", \\\"Nuestro\\\" y \\\"Nosotros\\\" se refieren a nuestra Compa\\u00f1\\u00eda. \\\"Parte\\\", \\\"Partes\\\" o \\\"Nosotros\\\" se refiere tanto al Cliente como a nosotros mismos. Todos los t\\u00e9rminos se refieren a la oferta, aceptaci\\u00f3n y consideraci\\u00f3n del pago necesario para llevar a cabo el proceso de nuestra asistencia al Cliente de la manera m\\u00e1s adecuada con el prop\\u00f3sito expreso de satisfacer las necesidades del Cliente con respecto a la prestaci\\u00f3n de los servicios declarados por la Compa\\u00f1\\u00eda, en de conformidad con y sujeto a la ley vigente de los Pa\\u00edses Bajos. Cualquier uso de la terminolog\\u00eda anterior u otras palabras en singular, plural, may\\u00fasculas y \\/ o \\u00e9l \\/ ella o ellos, se toman como intercambiables y, por lo tanto, se refieren a los mismos.<\\/p><p><\\/p><p class=\\\"MsoNormal\\\" style=\\\"margin-bottom:0.0001pt;line-height:normal;\\\">\\u00a0<\\/p><p class=\\\"MsoNormal\\\" style=\\\"margin-bottom:0.0001pt;line-height:normal;\\\"><b>Cookies<\\/b><\\/p><p><\\/p><p class=\\\"MsoNormal\\\" style=\\\"margin-bottom:0.0001pt;line-height:normal;\\\">\\u00a0<\\/p><p class=\\\"MsoNormal\\\" style=\\\"margin-bottom:0.0001pt;line-height:normal;\\\">Empleamos el uso de cookies. Al acceder a OwenSyx, acord\\u00f3 utilizar cookies de acuerdo con la Pol\\u00edtica de privacidad de OwenSyx. La mayor\\u00eda de los sitios web interactivos utilizan cookies para permitirnos recuperar los detalles del usuario en cada visita. Nuestro sitio web utiliza cookies para habilitar la funcionalidad de ciertas \\u00e1reas para que sea m\\u00e1s f\\u00e1cil para las personas que visitan nuestro sitio web. Algunos de nuestros socios publicitarios \\/ afiliados tambi\\u00e9n pueden utilizar cookies.<\\/p><p><\\/p><p class=\\\"MsoNormal\\\" style=\\\"margin-bottom:0.0001pt;line-height:normal;\\\">\\u00a0<\\/p><p class=\\\"MsoNormal\\\" style=\\\"margin-bottom:0.0001pt;line-height:normal;\\\"><b>Licencia\\u00a0<\\/b><\\/p><p><\\/p><p class=\\\"MsoNormal\\\" style=\\\"margin-bottom:0.0001pt;line-height:normal;\\\">\\u00a0<\\/p><p class=\\\"MsoNormal\\\" style=\\\"margin-bottom:0.0001pt;line-height:normal;\\\">A menos que se indique lo contrario, OwenSyx\\u00a0y \\/ o sus licenciantes poseen los derechos de propiedad intelectual de todo el material de OwenSyx. Todos los derechos de propiedad intelectual est\\u00e1n reservados. Puede acceder a esto desde OwenSyx para su uso personal sujeto a las restricciones establecidas en estos t\\u00e9rminos y condiciones. No debe: Volver a publicar material de OwenSyx Vender, alquilar o sublicenciar material de OwenSyx Reproducir, duplicar o copiar material de OwenSyx Redistribuir contenido de OwenSyx Este Acuerdo comenzar\\u00e1 en la fecha del presente. Algunas partes de este sitio web ofrecen a los usuarios la oportunidad de publicar e intercambiar opiniones e informaci\\u00f3n en determinadas \\u00e1reas del sitio web. OwenSyx no filtra, edita, publica ni revisa los Comentarios antes de su presencia en el sitio web. Los comentarios no reflejan los puntos de vista ni las opiniones de OwenSyx, sus agentes y \\/ o afiliados. Los comentarios reflejan los puntos de vista y opiniones de la persona que publica sus puntos de vista y opiniones. En la medida en que lo permitan las leyes aplicables, OwenSyx no ser\\u00e1 responsable de los Comentarios o de cualquier responsabilidad, da\\u00f1os o gastos causados \\u200b\\u200by \\/ o sufridos como resultado de cualquier uso y \\/ o publicaci\\u00f3n y \\/ o aparici\\u00f3n de los Comentarios en este sitio web. OwenSyx se reserva el derecho de monitorear todos los Comentarios y eliminar los Comentarios que puedan considerarse inapropiados, ofensivos o que incumplan estos T\\u00e9rminos y Condiciones. Usted garantiza y declara que: Tiene derecho a publicar los Comentarios en nuestro sitio web y tiene todas las licencias y consentimientos necesarios para hacerlo; Los Comentarios no invaden ning\\u00fan derecho de propiedad intelectual, incluidos, entre otros, los derechos de autor, patentes o marcas comerciales de terceros; Los Comentarios no contienen ning\\u00fan material difamatorio, calumnioso, ofensivo, indecente o ilegal que sea una invasi\\u00f3n de la privacidad. Los Comentarios no se utilizar\\u00e1n para solicitar o promover negocios o actividades comerciales personalizadas o presentes o actividades ilegales. Por la presente, otorga a OwenSyx una licencia no exclusiva para usar, reproducir, editar y autorizar a otros a usar, reproducir y editar cualquiera de sus Comentarios en todas y cada una de las formas, formatos o medios.<\\/p><p><\\/p><p class=\\\"MsoNormal\\\" style=\\\"margin-bottom:0.0001pt;line-height:normal;\\\">\\u00a0<\\/p><p class=\\\"MsoNormal\\\" style=\\\"margin-bottom:0.0001pt;line-height:normal;\\\"><b>Hiperv\\u00ednculos a nuestro contenido<\\/b><br \\/><\\/p><p><\\/p><p class=\\\"MsoNormal\\\" style=\\\"margin-bottom:0.0001pt;line-height:normal;\\\">\\u00a0<\\/p><p class=\\\"MsoNormal\\\" style=\\\"margin-bottom:0.0001pt;line-height:normal;\\\">Las siguientes organizaciones pueden vincularse a nuestro sitio web sin aprobaci\\u00f3n previa por escrito: agencias gubernamentales; Los motores de b\\u00fasqueda; Organizaciones de noticias; Los distribuidores de directorios en l\\u00ednea pueden enlazar a nuestro sitio web de la misma manera que hacen hiperv\\u00ednculos a los sitios web de otras empresas que figuran en la lista; y empresas acreditadas en todo el sistema, excepto las organizaciones sin fines de lucro, los centros comerciales de caridad y los grupos de recaudaci\\u00f3n de fondos de caridad que no pueden hacer hiperv\\u00ednculos a nuestro sitio web. Estas organizaciones pueden enlazar a nuestra p\\u00e1gina de inicio, a publicaciones oa otra informaci\\u00f3n del sitio web siempre que el enlace: (a) no sea enga\\u00f1oso de ninguna manera; (b) no implica falsamente patrocinio, respaldo o aprobaci\\u00f3n de la parte vinculante y sus productos y \\/ o servicios; y (c) encaja en el contexto del sitio de la parte vinculante. Podemos considerar y aprobar otras solicitudes de enlaces de los siguientes tipos de organizaciones: fuentes de informaci\\u00f3n comercial y \\/ o de consumidores com\\u00fanmente conocidas; sitios de la comunidad dot.com; asociaciones u otros grupos que representan organizaciones ben\\u00e9ficas; distribuidores de directorios en l\\u00ednea; portales de internet; firmas de contabilidad, derecho y consultor\\u00eda; e instituciones educativas y asociaciones comerciales. Aprobaremos las solicitudes de enlace de estas organizaciones si decidimos que: (a) el enlace no nos har\\u00eda vernos desfavorablemente a nosotros mismos ni a nuestras empresas acreditadas; (b) la organizaci\\u00f3n no tiene registros negativos con nosotros; (c) el beneficio para nosotros de la visibilidad del hiperv\\u00ednculo compensa la ausencia de OwenSyx; y (d) el enlace est\\u00e1 en el contexto de informaci\\u00f3n general de recursos. Estas organizaciones pueden enlazar a nuestra p\\u00e1gina de inicio siempre que el enlace: (a) no sea enga\\u00f1oso de ninguna manera; (b) no implica falsamente patrocinio, respaldo o aprobaci\\u00f3n de la parte vinculante y sus productos o servicios; y (c) encaja en el contexto del sitio de la parte vinculante. Si usted es una de las organizaciones enumeradas en el p\\u00e1rrafo 2 anterior y est\\u00e1 interesado en vincularse a nuestro sitio web, debe informarnos enviando un correo electr\\u00f3nico a OwenSyx. Incluya su nombre, el nombre de su organizaci\\u00f3n, la informaci\\u00f3n de contacto, as\\u00ed como la URL de su sitio, una lista de las URL desde las que desea enlazar a nuestro sitio web y una lista de las URL de nuestro sitio a las que le gustar\\u00eda enlazar. . Espere 2-3 semanas para recibir una respuesta. Las organizaciones aprobadas pueden hacer hiperv\\u00ednculos a nuestro sitio web de la siguiente manera: mediante el uso de nuestro nombre corporativo; o Mediante el uso del localizador uniforme de recursos al que se est\\u00e1 vinculando; o Mediante el uso de cualquier otra descripci\\u00f3n de nuestro sitio web al que est\\u00e9 vinculado que tenga sentido dentro del contexto y formato del contenido en el sitio de la parte vinculante. No se permitir\\u00e1 el uso del logotipo de OwenSyx u otra obra de arte para vincular sin un acuerdo de licencia de marca registrada.<\\/p><p><\\/p><p class=\\\"MsoNormal\\\" style=\\\"margin-bottom:0.0001pt;line-height:normal;\\\">\\u00a0<\\/p><p class=\\\"MsoNormal\\\" style=\\\"margin-bottom:0.0001pt;line-height:normal;\\\"><b>iFrames<\\/b><\\/p><p class=\\\"MsoNormal\\\" style=\\\"margin-bottom:0.0001pt;line-height:normal;\\\"><span style=\\\"font-size:0.875rem;\\\">\\u00a0<\\/span><br \\/><\\/p><p class=\\\"MsoNormal\\\" style=\\\"margin-bottom:0.0001pt;line-height:normal;\\\">Sin la aprobaci\\u00f3n previa y el permiso por escrito, no puede crear marcos alrededor de nuestras p\\u00e1ginas web que alteren de alguna manera la presentaci\\u00f3n visual o la apariencia de nuestro sitio web.<\\/p><p><\\/p><p class=\\\"MsoNormal\\\" style=\\\"margin-bottom:0.0001pt;line-height:normal;\\\">\\u00a0<\\/p><p class=\\\"MsoNormal\\\" style=\\\"margin-bottom:0.0001pt;line-height:normal;\\\"><b>Responsabilidad del contenido<\\/b><br \\/><\\/p><p><\\/p><p class=\\\"MsoNormal\\\" style=\\\"margin-bottom:0.0001pt;line-height:normal;\\\"><b>\\u00a0<\\/b><\\/p><p class=\\\"MsoNormal\\\" style=\\\"margin-bottom:0.0001pt;line-height:normal;\\\">No seremos responsables de ning\\u00fan contenido que aparezca en su sitio web. Usted acepta protegernos y defendernos contra todas las reclamaciones que surjan en su sitio web. Ning\\u00fan enlace (s) debe aparecer en ning\\u00fan sitio web que pueda interpretarse como difamatorio, obsceno o criminal, o que infrinja, de otra manera viole o defienda la infracci\\u00f3n u otra violaci\\u00f3n de los derechos de terceros.<\\/p><p><\\/p><p class=\\\"MsoNormal\\\" style=\\\"margin-bottom:0.0001pt;line-height:normal;\\\">\\u00a0<\\/p><p class=\\\"MsoNormal\\\" style=\\\"margin-bottom:0.0001pt;line-height:normal;\\\"><b>Tu privacidad<\\/b><br \\/><\\/p><p><\\/p><p class=\\\"MsoNormal\\\" style=\\\"margin-bottom:0.0001pt;line-height:normal;\\\">\\u00a0<\\/p><p class=\\\"MsoNormal\\\" style=\\\"margin-bottom:0.0001pt;line-height:normal;\\\">Por favor lea la pol\\u00edtica de privacidad.<\\/p><p><\\/p><p class=\\\"MsoNormal\\\" style=\\\"margin-bottom:0.0001pt;line-height:normal;\\\"><br \\/><b><br \\/><\\/b><\\/p><p><\\/p><p class=\\\"MsoNormal\\\" style=\\\"margin-bottom:0.0001pt;line-height:normal;\\\"><b>Reserva de derechos<\\/b><br \\/><\\/p><p class=\\\"MsoNormal\\\" style=\\\"margin-bottom:0.0001pt;line-height:normal;\\\"><b><br \\/><\\/b><\\/p><p><\\/p><p class=\\\"MsoNormal\\\" style=\\\"margin-bottom:0.0001pt;line-height:normal;\\\">\\u00a0Nos reservamos el derecho de solicitar que elimine todos los enlaces o cualquier enlace en particular a nuestro sitio web. Usted aprueba eliminar inmediatamente todos los enlaces a nuestro sitio web cuando lo solicite. Tambi\\u00e9n nos reservamos el derecho de modificar estos t\\u00e9rminos y condiciones y su pol\\u00edtica de enlaces en cualquier momento. Al vincular continuamente a nuestro sitio web, usted acepta estar vinculado y seguir estos t\\u00e9rminos y condiciones de vinculaci\\u00f3n.<\\/p><p><\\/p><p class=\\\"MsoNormal\\\" style=\\\"margin-bottom:0.0001pt;line-height:normal;\\\"><br \\/><br \\/><\\/p><p><\\/p><p class=\\\"MsoNormal\\\" style=\\\"margin-bottom:0.0001pt;line-height:normal;\\\"><b>Eliminaci\\u00f3n de enlaces de nuestro sitio web<\\/b><br \\/><\\/p><p><\\/p><p class=\\\"MsoNormal\\\" style=\\\"margin-bottom:0.0001pt;line-height:normal;\\\">\\u00a0<\\/p><p class=\\\"MsoNormal\\\" style=\\\"margin-bottom:0.0001pt;line-height:normal;\\\">Si encuentra alg\\u00fan enlace en nuestro sitio web que sea ofensivo por cualquier motivo, puede contactarnos e informarnos en cualquier momento. Consideraremos las solicitudes para eliminar enlaces, pero no estamos obligados a hacerlo ni a responderle directamente. No nos aseguramos de que la informaci\\u00f3n en este sitio web sea correcta, no garantizamos su integridad o exactitud; ni nos comprometemos a garantizar que el sitio web permanezca disponible o que el material en el sitio web se mantenga actualizado.<\\/p><p><\\/p><p class=\\\"MsoNormal\\\" style=\\\"margin-bottom:0.0001pt;line-height:normal;\\\"><br \\/><br \\/><\\/p><p><\\/p><p class=\\\"MsoNormal\\\" style=\\\"margin-bottom:0.0001pt;line-height:normal;\\\"><b>Descargo de responsabilidad<\\/b><br \\/><\\/p><p><\\/p><p class=\\\"MsoNormal\\\" style=\\\"margin-bottom:0.0001pt;line-height:normal;\\\"><b>\\u00a0<\\/b><\\/p><p class=\\\"MsoNormal\\\" style=\\\"margin-bottom:0.0001pt;line-height:normal;\\\">En la medida m\\u00e1xima permitida por la ley aplicable, excluimos todas las representaciones, garant\\u00edas y condiciones relacionadas con nuestro sitio web y el uso de este sitio web. Nada en este descargo de responsabilidad: limitar\\u00e1 o excluir\\u00e1 nuestra responsabilidad o la suya por muerte o lesiones personales; limitar o excluir nuestra responsabilidad o la suya por fraude o tergiversaci\\u00f3n fraudulenta; limitar cualquiera de nuestras responsabilidades o las suyas de cualquier manera que no est\\u00e9 permitida por la ley aplicable; o excluir cualquiera de nuestras responsabilidades o las suyas que no puedan estar excluidas seg\\u00fan la ley aplicable. Las limitaciones y prohibiciones de responsabilidad establecidas en esta Secci\\u00f3n y en otras partes de este descargo de responsabilidad: (a) est\\u00e1n sujetas al p\\u00e1rrafo anterior; y (b) regir\\u00e1 todas las responsabilidades que surjan en virtud del descargo de responsabilidad, incluidas las responsabilidades que surjan en el contrato, en agravio y por incumplimiento de la obligaci\\u00f3n legal. Siempre que el sitio web y la informaci\\u00f3n y los servicios en el sitio web se proporcionen de forma gratuita, no seremos responsables de ninguna p\\u00e9rdida o da\\u00f1o de cualquier naturaleza.<\\/p><p><\\/p><p>\\n\\n\\n\\n\\n\\n\\n\\n\\n\\n\\n\\n\\n\\n\\n\\n\\n\\n\\n\\n\\n\\n\\n\\n\\n\\n\\n\\n\\n\\n\\n\\n\\n\\n\\n\\n\\n\\n\\n\\n\\n\\n\\n\\n\\n\\n\\n\\n\\n\\n\\n\\n\\n\\n\\n\\n\\n\\n\\n\\n\\n\\n\\n\\n\\n\\n\\n\\n\\n\\n\\n\\n\\n\\n\\n\\n\\n\\n<\\/p><p class=\\\"MsoNormal\\\"><\\/p><p>\\u00a0<\\/p>\"}', '2021-01-30 06:36:31', '2021-07-07 14:22:44');
INSERT INTO `frontends` (`id`, `data_keys`, `data_values`, `created_at`, `updated_at`) VALUES
(39, 'pages.element', '{\"page_title\":\"Privacidad y Pol\\u00edticas\",\"description\":\"<p class=\\\"MsoNormal\\\" style=\\\"margin-bottom:0.0001pt;line-height:normal;\\\"><b>Pol\\u00edtica de privacidad de OwenSyx<\\/b><br \\/><\\/p><p><\\/p>\\n\\n<p class=\\\"MsoNormal\\\" style=\\\"margin-bottom:0.0001pt;line-height:normal;\\\">\\u00a0<\\/p>\\n\\n<p class=\\\"MsoNormal\\\" style=\\\"margin-bottom:0.0001pt;line-height:normal;\\\">En OwenSyx, accesible desde ViserMart.com, una de nuestras principales prioridades es la privacidad de nuestros visitantes. Este documento de Pol\\u00edtica de privacidad contiene tipos de informaci\\u00f3n recopilada y registrada por OwenSyx y c\\u00f3mo la usamos. Si tiene preguntas adicionales o necesita m\\u00e1s informaci\\u00f3n sobre nuestra Pol\\u00edtica de privacidad, no dude en contactarnos. Esta Pol\\u00edtica de privacidad se aplica solo a nuestras actividades en l\\u00ednea y es v\\u00e1lida para los visitantes de nuestro sitio web con respecto a la informaci\\u00f3n que compartieron y \\/ o recopilaron en OwenSyx. Esta pol\\u00edtica no se aplica a ninguna informaci\\u00f3n recopilada fuera de l\\u00ednea o a trav\\u00e9s de canales que no sean este sitio web.<\\/p><p><\\/p>\\n\\n<p class=\\\"MsoNormal\\\" style=\\\"margin-bottom:0.0001pt;line-height:normal;\\\"><br \\/><br \\/><\\/p><p><\\/p>\\n\\n<p class=\\\"MsoNormal\\\" style=\\\"margin-bottom:0.0001pt;line-height:normal;\\\"><b>Consentimiento<\\/b><br \\/><\\/p><p><\\/p><p class=\\\"MsoNormal\\\" style=\\\"margin-bottom:0.0001pt;line-height:normal;\\\"><b><br \\/><\\/b><\\/p>\\n\\n<p class=\\\"MsoNormal\\\" style=\\\"margin-bottom:0.0001pt;line-height:normal;\\\">Al utilizar nuestro sitio web, usted acepta nuestra Pol\\u00edtica de privacidad y acepta sus t\\u00e9rminos.<br \\/><\\/p><p class=\\\"MsoNormal\\\" style=\\\"margin-bottom:0.0001pt;line-height:normal;\\\"><br \\/><\\/p><p><\\/p>\\n\\n<p class=\\\"MsoNormal\\\" style=\\\"margin-bottom:0.0001pt;line-height:normal;\\\"><b>Informaci\\u00f3n que recopilamos<\\/b><br \\/><\\/p><p><b><\\/b><\\/p><b><\\/b>\\n\\n<p class=\\\"MsoNormal\\\" style=\\\"margin-bottom:0.0001pt;line-height:normal;\\\"><b>\\u00a0<\\/b><\\/p>\\n\\n<p class=\\\"MsoNormal\\\" style=\\\"margin-bottom:0.0001pt;line-height:normal;\\\">La informaci\\u00f3n personal que se le solicita que proporcione, y las razones por las que se le solicita que la proporcione, se le aclarar\\u00e1n en el momento en que le solicitemos que proporcione su informaci\\u00f3n personal. Si se comunica con nosotros directamente, es posible que recibamos informaci\\u00f3n adicional sobre usted, como su nombre, direcci\\u00f3n de correo electr\\u00f3nico, n\\u00famero de tel\\u00e9fono, el contenido del mensaje y \\/ o los archivos adjuntos que pueda enviarnos, y cualquier otra informaci\\u00f3n que elija proporcionar. Cuando se registra para obtener una cuenta, es posible que le solicitemos su informaci\\u00f3n de contacto, incluidos elementos como el nombre, el nombre de la empresa, la direcci\\u00f3n, la direcci\\u00f3n de correo electr\\u00f3nico y el n\\u00famero de tel\\u00e9fono.<\\/p><p><\\/p>\\n\\n<p class=\\\"MsoNormal\\\" style=\\\"margin-bottom:0.0001pt;line-height:normal;\\\"><br \\/><br \\/><\\/p><p><\\/p>\\n\\n<p class=\\\"MsoNormal\\\" style=\\\"margin-bottom:0.0001pt;line-height:normal;\\\"><b>C\\u00f3mo usamos su informaci\\u00f3n<\\/b><br \\/><\\/p><p><\\/p>\\n\\n<p class=\\\"MsoNormal\\\" style=\\\"margin-bottom:0.0001pt;line-height:normal;\\\">\\u00a0<\\/p>\\n\\n<p class=\\\"MsoNormal\\\" style=\\\"margin-bottom:0.0001pt;line-height:normal;\\\">Usamos la informaci\\u00f3n que recopilamos de varias maneras, incluso para: Proporcionar, operar y mantener nuestro sitio web Mejorar, personalizar y expandir nuestro sitio web Comprender y analizar c\\u00f3mo usa nuestro sitio web Desarrollar nuevos productos, servicios, caracter\\u00edsticas y funcionalidades Comunicarse con usted, ya sea directamente oa trav\\u00e9s de uno de nuestros socios, incluso para el servicio al cliente, para proporcionarle actualizaciones y otra informaci\\u00f3n relacionada con el sitio web, y con fines de marketing y promoci\\u00f3n. Enviarle correos electr\\u00f3nicos. Encontrar y prevenir fraudes.<\\/p><p><\\/p>\\n\\n<p class=\\\"MsoNormal\\\" style=\\\"margin-bottom:0.0001pt;line-height:normal;\\\"><br \\/><br \\/><\\/p><p><\\/p>\\n\\n<p class=\\\"MsoNormal\\\" style=\\\"margin-bottom:0.0001pt;line-height:normal;\\\"><b>Archivos de registro<\\/b><br \\/><\\/p><p><\\/p><p class=\\\"MsoNormal\\\" style=\\\"margin-bottom:0.0001pt;line-height:normal;\\\"><b><br \\/><\\/b><\\/p>\\n\\n<p class=\\\"MsoNormal\\\" style=\\\"margin-bottom:0.0001pt;line-height:normal;\\\">OwenSyx sigue un procedimiento est\\u00e1ndar de uso de archivos de registro. Estos archivos registran a los visitantes cuando visitan sitios web. Todas las empresas de alojamiento hacen esto y forman parte del an\\u00e1lisis de los servicios de alojamiento. La informaci\\u00f3n recopilada por los archivos de registro incluye direcciones de protocolo de Internet (IP), tipo de navegador, proveedor de servicios de Internet (ISP), sello de fecha y hora, p\\u00e1ginas de referencia \\/ salida y posiblemente el n\\u00famero de clics. Estos no est\\u00e1n vinculados a ninguna informaci\\u00f3n que sea de identificaci\\u00f3n personal. El prop\\u00f3sito de la informaci\\u00f3n es analizar tendencias, administrar el sitio, rastrear el movimiento de los usuarios en el sitio web y recopilar informaci\\u00f3n demogr\\u00e1fica. Nuestra privacidad La pol\\u00edtica se cre\\u00f3 con la ayuda del Generador de pol\\u00edticas de privacidad y la Plantilla de pol\\u00edtica de privacidad.<\\/p><p><\\/p>\\n\\n<p class=\\\"MsoNormal\\\" style=\\\"margin-bottom:0.0001pt;line-height:normal;\\\"><br \\/><br \\/><\\/p><p><\\/p>\\n\\n<p class=\\\"MsoNormal\\\" style=\\\"margin-bottom:0.0001pt;line-height:normal;\\\"><b>Pol\\u00edticas de privacidad de socios publicitarios<\\/b><br \\/><\\/p><p><\\/p><p class=\\\"MsoNormal\\\" style=\\\"margin-bottom:0.0001pt;line-height:normal;\\\"><b><br \\/><\\/b><\\/p>\\n\\n<p class=\\\"MsoNormal\\\" style=\\\"margin-bottom:0.0001pt;line-height:normal;\\\">Puede consultar esta lista para encontrar la Pol\\u00edtica de privacidad de cada uno de los socios publicitarios de OwenSyx. Los servidores de anuncios de terceros o las redes de anuncios utilizan tecnolog\\u00edas como cookies, JavaScript o Web Beacons que se utilizan en sus respectivos anuncios y enlaces que aparecen en OwenSyx, que se env\\u00edan directamente al navegador de los usuarios. Reciben autom\\u00e1ticamente su direcci\\u00f3n IP cuando esto ocurre. Estas tecnolog\\u00edas se utilizan para medir la efectividad de sus campa\\u00f1as publicitarias y \\/ o para personalizar el contenido publicitario que ve en los sitios web que visita. Tenga en cuenta que OwenSyx no tiene acceso ni control sobre estas cookies que utilizan los anunciantes de terceros.<\\/p><p><\\/p>\\n\\n<p class=\\\"MsoNormal\\\" style=\\\"margin-bottom:0.0001pt;line-height:normal;\\\"><br \\/><br \\/><\\/p><p><\\/p>\\n\\n<p class=\\\"MsoNormal\\\" style=\\\"margin-bottom:0.0001pt;line-height:normal;\\\"><b>Pol\\u00edticas de privacidad de terceros<\\/b><br \\/><\\/p><p><\\/p><p class=\\\"MsoNormal\\\" style=\\\"margin-bottom:0.0001pt;line-height:normal;\\\"><b><br \\/><\\/b><\\/p>\\n\\n<p class=\\\"MsoNormal\\\" style=\\\"margin-bottom:0.0001pt;line-height:normal;\\\">Privacidad de OwenSyx\\u00a0La pol\\u00edtica no se aplica a otros anunciantes o sitios web. Por lo tanto, le recomendamos que consulte las respectivas Pol\\u00edticas de Privacidad de estos servidores de anuncios de terceros para obtener informaci\\u00f3n m\\u00e1s detallada. Puede incluir sus pr\\u00e1cticas e instrucciones sobre c\\u00f3mo excluirse de determinadas opciones. Puede encontrar una lista completa de estas Pol\\u00edticas de privacidad y sus enlaces aqu\\u00ed: Enlaces a la Pol\\u00edtica de privacidad. Puede optar por deshabilitar las cookies a trav\\u00e9s de las opciones de su navegador individual. Para conocer informaci\\u00f3n m\\u00e1s detallada sobre la gesti\\u00f3n de cookies con navegadores web espec\\u00edficos, se puede encontrar en los respectivos sitios web de los navegadores. \\u00bfQu\\u00e9 son las cookies?\\u00a0<\\/p><p><\\/p>\\n\\n<p class=\\\"MsoNormal\\\" style=\\\"margin-bottom:0.0001pt;line-height:normal;\\\"><br \\/><b><br \\/><\\/b><\\/p><p><b><\\/b><\\/p><b><\\/b>\\n\\n<p class=\\\"MsoNormal\\\" style=\\\"margin-bottom:0.0001pt;line-height:normal;\\\"><b>Derechos de privacidad de la CCPA (no vender mi informaci\\u00f3n personal)<\\/b><br \\/><\\/p><p><\\/p><p class=\\\"MsoNormal\\\" style=\\\"margin-bottom:0.0001pt;line-height:normal;\\\"><b><br \\/><\\/b><\\/p>\\n\\n<p class=\\\"MsoNormal\\\" style=\\\"margin-bottom:0.0001pt;line-height:normal;\\\">Seg\\u00fan la CCPA, entre otros derechos, los consumidores de California tienen derecho a: Solicitar que una empresa que recopila los datos personales de un consumidor divulgue las categor\\u00edas y piezas espec\\u00edficas de datos personales que una empresa ha recopilado sobre los consumidores. Solicite que una empresa elimine cualquier dato personal sobre el consumidor que haya recopilado una empresa. Solicitar que una empresa que vende los datos personales de un consumidor, no venda los datos personales del consumidor. Si realiza una solicitud, tenemos un mes para responderle. Si desea ejercer alguno de estos derechos, comun\\u00edquese con nosotros.<\\/p><p><\\/p>\\n\\n<p class=\\\"MsoNormal\\\" style=\\\"margin-bottom:0.0001pt;line-height:normal;\\\"><br \\/><br \\/><\\/p><p><\\/p>\\n\\n<p class=\\\"MsoNormal\\\" style=\\\"margin-bottom:0.0001pt;line-height:normal;\\\"><b>Derechos de protecci\\u00f3n de datos del RGPD<\\/b><br \\/><\\/p><p><\\/p><p class=\\\"MsoNormal\\\" style=\\\"margin-bottom:0.0001pt;line-height:normal;\\\"><b><br \\/><\\/b><\\/p>\\n\\n<p class=\\\"MsoNormal\\\" style=\\\"margin-bottom:0.0001pt;line-height:normal;\\\">Nos gustar\\u00eda asegurarnos de que conoce todos sus derechos de protecci\\u00f3n de datos. Todo usuario tiene derecho a lo siguiente: Derecho de acceso: tiene derecho a solicitar copias de sus datos personales. Es posible que le cobremos una peque\\u00f1a tarifa por este servicio. El derecho a la rectificaci\\u00f3n: tiene derecho a solicitar que corrijamos cualquier informaci\\u00f3n que crea que es inexacta. Tambi\\u00e9n tiene derecho a solicitar que completemos la informaci\\u00f3n que cree que est\\u00e1 incompleta. El derecho a borrar: tiene derecho a solicitar que borremos sus datos personales, bajo ciertas condiciones. El derecho a restringir el procesamiento: tiene derecho a solicitar que restrinjamos el procesamiento de sus datos personales, bajo ciertas condiciones. El derecho a oponerse al procesamiento: tiene derecho a oponerse a nuestro procesamiento de sus datos personales, bajo ciertas condiciones. El derecho a la portabilidad de datos: tiene derecho a solicitar que transfiramos los datos que hemos recopilado a otra organizaci\\u00f3n, o directamente a usted, bajo ciertas condiciones. Si realiza una solicitud, tenemos un mes para responderle. Si desea ejercer alguno de estos derechos, comun\\u00edquese con nosotros.<\\/p><p><\\/p>\\n\\n<p class=\\\"MsoNormal\\\" style=\\\"margin-bottom:0.0001pt;line-height:normal;\\\"><br \\/><br \\/><\\/p><p><\\/p>\\n\\n<p class=\\\"MsoNormal\\\" style=\\\"margin-bottom:0.0001pt;line-height:normal;\\\"><b>Informaci\\u00f3n para ni\\u00f1os<\\/b><br \\/><\\/p><p><\\/p><p class=\\\"MsoNormal\\\" style=\\\"margin-bottom:0.0001pt;line-height:normal;\\\"><b><br \\/><\\/b><\\/p>\\n\\n<p class=\\\"MsoNormal\\\" style=\\\"margin-bottom:0.0001pt;line-height:normal;\\\">Otra parte de nuestra prioridad es agregar protecci\\u00f3n para los ni\\u00f1os mientras usan Internet. Alentamos a los padres y tutores a observar, participar y \\/ o monitorear y guiar su actividad en l\\u00ednea. OwenSyx no recopila a sabiendas ninguna Informaci\\u00f3n de identificaci\\u00f3n personal de ni\\u00f1os menores de 13 a\\u00f1os. Si cree que su hijo proporcion\\u00f3 este tipo de informaci\\u00f3n en nuestro sitio web, le recomendamos encarecidamente que se comunique con nosotros de inmediato y haremos todo lo posible para eliminarlo de inmediato. dicha informaci\\u00f3n de nuestros registros.<font face=\\\"Arial, sans-serif\\\"><span style=\\\"font-size:12pt;\\\"><\\/span><\\/font><\\/p><p><\\/p>\"}', '2021-01-30 06:38:58', '2021-07-07 14:27:45'),
(40, 'sliders.element', '{\"has_image\":\"1\",\"link\":\"https:\\/\\/owensyx.com\\/products\\/search?search_key=&amp;category_id=1\",\"slider\":\"60de3784785391625175940.jpg\"}', '2021-07-01 21:45:40', '2021-07-01 21:45:40'),
(42, 'sliders.element', '{\"has_image\":\"1\",\"link\":\"https:\\/\\/owensyx.com\\/product\\/detail\\/5\\/air-max-90\",\"slider\":\"60eb03d4eae9c1626014676.jpeg\"}', '2021-07-11 14:44:36', '2021-07-11 14:44:37'),
(44, 'social_icon.element', '{\"title\":\"WhatSapp\",\"social_icon\":\"<i class=\\\"lab la-whatsapp\\\"><\\/i>\",\"url\":\"https:\\/\\/wa.me\\/+51947262276\"}', '2021-10-30 18:42:41', '2021-10-30 18:42:41');

-- --------------------------------------------------------

--
-- Estructura de tabla para la tabla `gateways`
--

CREATE TABLE `gateways` (
  `id` int(10) UNSIGNED NOT NULL,
  `code` int(11) DEFAULT NULL,
  `alias` varchar(191) COLLATE utf8mb4_unicode_ci NOT NULL DEFAULT 'NULL',
  `image` varchar(191) COLLATE utf8mb4_unicode_ci DEFAULT NULL,
  `name` varchar(191) COLLATE utf8mb4_unicode_ci NOT NULL,
  `status` tinyint(1) NOT NULL DEFAULT 1,
  `parameters` text COLLATE utf8mb4_unicode_ci DEFAULT NULL,
  `supported_currencies` text COLLATE utf8mb4_unicode_ci DEFAULT NULL,
  `crypto` tinyint(1) NOT NULL DEFAULT 0 COMMENT '0: fiat currency, 1: crypto currency',
  `extra` text COLLATE utf8mb4_unicode_ci DEFAULT NULL,
  `description` text COLLATE utf8mb4_unicode_ci DEFAULT NULL,
  `input_form` text COLLATE utf8mb4_unicode_ci DEFAULT NULL,
  `created_at` timestamp NULL DEFAULT NULL,
  `updated_at` timestamp NULL DEFAULT NULL
) ENGINE=InnoDB DEFAULT CHARSET=utf8mb4 COLLATE=utf8mb4_unicode_ci;

--
-- Volcado de datos para la tabla `gateways`
--

INSERT INTO `gateways` (`id`, `code`, `alias`, `image`, `name`, `status`, `parameters`, `supported_currencies`, `crypto`, `extra`, `description`, `input_form`, `created_at`, `updated_at`) VALUES
(1, 101, 'paypal', '5f6f1bd8678601601117144.jpg', 'Paypal', 1, '{\"paypal_email\":{\"title\":\"PayPal Email\",\"global\":true,\"value\":\"paypal@user.com\"}}', '{\"AUD\":\"AUD\",\"BRL\":\"BRL\",\"CAD\":\"CAD\",\"CZK\":\"CZK\",\"DKK\":\"DKK\",\"EUR\":\"EUR\",\"HKD\":\"HKD\",\"HUF\":\"HUF\",\"INR\":\"INR\",\"ILS\":\"ILS\",\"JPY\":\"JPY\",\"MYR\":\"MYR\",\"MXN\":\"MXN\",\"TWD\":\"TWD\",\"NZD\":\"NZD\",\"NOK\":\"NOK\",\"PHP\":\"PHP\",\"PLN\":\"PLN\",\"GBP\":\"GBP\",\"RUB\":\"RUB\",\"SGD\":\"SGD\",\"SEK\":\"SEK\",\"CHF\":\"CHF\",\"THB\":\"THB\",\"USD\":\"$\"}', 0, NULL, NULL, NULL, '2019-09-14 13:14:22', '2021-07-26 14:30:47'),
(2, 102, 'perfect_money', '5f6f1d2a742211601117482.jpg', 'Perfect Money', 0, '{\"passphrase\":{\"title\":\"ALTERNATE PASSPHRASE\",\"global\":true,\"value\":\"6451561651551\"},\"wallet_id\":{\"title\":\"PM Wallet\",\"global\":false,\"value\":\"\"}}', '{\"USD\":\"$\",\"EUR\":\"\\u20ac\"}', 0, NULL, NULL, NULL, '2019-09-14 13:14:22', '2021-07-01 19:13:45'),
(3, 103, 'stripe', '60e60952d99bf1625688402.png', 'Stripe Hosted', 1, '{\"secret_key\":{\"title\":\"Secret Key\",\"global\":true,\"value\":\"sk_test_51HuxFUHyGzEKoTKAfIosswAQduMOGU4q4elcNr8OE6LoBZcp2MHKalOW835wjRiF6fxVTc7RmBgatKfAt1Qq0heb00rUaCOd2T\"},\"publishable_key\":{\"title\":\"PUBLISHABLE KEY\",\"global\":true,\"value\":\"pk_test_51HuxFUHyGzEKoTKAueAuF9BrMDA5boMcpJLLt0vu4q3QdPX5isaGudKNe6OyVjZP1UugpYd6JA7i7TczRWsbutaP004YmBiSp5\"}}', '{\"USD\":\"USD\",\"AUD\":\"AUD\",\"BRL\":\"BRL\",\"CAD\":\"CAD\",\"CHF\":\"CHF\",\"DKK\":\"DKK\",\"EUR\":\"EUR\",\"GBP\":\"GBP\",\"HKD\":\"HKD\",\"INR\":\"INR\",\"JPY\":\"JPY\",\"MXN\":\"MXN\",\"MYR\":\"MYR\",\"NOK\":\"NOK\",\"NZD\":\"NZD\",\"PLN\":\"PLN\",\"SEK\":\"SEK\",\"SGD\":\"SGD\"}', 0, NULL, NULL, NULL, '2019-09-14 13:14:22', '2021-07-07 20:06:42'),
(4, 104, 'skrill', '5f6f1d41257181601117505.jpg', 'Skrill', 0, '{\"pay_to_email\":{\"title\":\"Skrill Email\",\"global\":true,\"value\":\"merchant@skrill.com\"},\"secret_key\":{\"title\":\"Secret Key\",\"global\":true,\"value\":\"---\"}}', '{\"AED\":\"AED\",\"AUD\":\"AUD\",\"BGN\":\"BGN\",\"BHD\":\"BHD\",\"CAD\":\"CAD\",\"CHF\":\"CHF\",\"CZK\":\"CZK\",\"DKK\":\"DKK\",\"EUR\":\"EUR\",\"GBP\":\"GBP\",\"HKD\":\"HKD\",\"HRK\":\"HRK\",\"HUF\":\"HUF\",\"ILS\":\"ILS\",\"INR\":\"INR\",\"ISK\":\"ISK\",\"JOD\":\"JOD\",\"JPY\":\"JPY\",\"KRW\":\"KRW\",\"KWD\":\"KWD\",\"MAD\":\"MAD\",\"MYR\":\"MYR\",\"NOK\":\"NOK\",\"NZD\":\"NZD\",\"OMR\":\"OMR\",\"PLN\":\"PLN\",\"QAR\":\"QAR\",\"RON\":\"RON\",\"RSD\":\"RSD\",\"SAR\":\"SAR\",\"SEK\":\"SEK\",\"SGD\":\"SGD\",\"THB\":\"THB\",\"TND\":\"TND\",\"TRY\":\"TRY\",\"TWD\":\"TWD\",\"USD\":\"USD\",\"ZAR\":\"ZAR\",\"COP\":\"COP\"}', 0, NULL, NULL, NULL, '2019-09-14 13:14:22', '2021-07-07 20:01:56'),
(5, 105, 'paytm', '5f6f1d1d3ec731601117469.jpg', 'PayTM', 0, '{\"MID\":{\"title\":\"Merchant ID\",\"global\":true,\"value\":\"DIY12386817555501617\"},\"merchant_key\":{\"title\":\"Merchant Key\",\"global\":true,\"value\":\"bKMfNxPPf_QdZppa\"},\"WEBSITE\":{\"title\":\"Paytm Website\",\"global\":true,\"value\":\"DIYtestingweb\"},\"INDUSTRY_TYPE_ID\":{\"title\":\"Industry Type\",\"global\":true,\"value\":\"Retail\"},\"CHANNEL_ID\":{\"title\":\"CHANNEL ID\",\"global\":true,\"value\":\"WEB\"},\"transaction_url\":{\"title\":\"Transaction URL\",\"global\":true,\"value\":\"https:\\/\\/pguat.paytm.com\\/oltp-web\\/processTransaction\"},\"transaction_status_url\":{\"title\":\"Transaction STATUS URL\",\"global\":true,\"value\":\"https:\\/\\/pguat.paytm.com\\/paytmchecksum\\/paytmCallback.jsp\"}}', '{\"AUD\":\"AUD\",\"ARS\":\"ARS\",\"BDT\":\"BDT\",\"BRL\":\"BRL\",\"BGN\":\"BGN\",\"CAD\":\"CAD\",\"CLP\":\"CLP\",\"CNY\":\"CNY\",\"COP\":\"COP\",\"HRK\":\"HRK\",\"CZK\":\"CZK\",\"DKK\":\"DKK\",\"EGP\":\"EGP\",\"EUR\":\"EUR\",\"GEL\":\"GEL\",\"GHS\":\"GHS\",\"HKD\":\"HKD\",\"HUF\":\"HUF\",\"INR\":\"INR\",\"IDR\":\"IDR\",\"ILS\":\"ILS\",\"JPY\":\"JPY\",\"KES\":\"KES\",\"MYR\":\"MYR\",\"MXN\":\"MXN\",\"MAD\":\"MAD\",\"NPR\":\"NPR\",\"NZD\":\"NZD\",\"NGN\":\"NGN\",\"NOK\":\"NOK\",\"PKR\":\"PKR\",\"PEN\":\"PEN\",\"PHP\":\"PHP\",\"PLN\":\"PLN\",\"RON\":\"RON\",\"RUB\":\"RUB\",\"SGD\":\"SGD\",\"ZAR\":\"ZAR\",\"KRW\":\"KRW\",\"LKR\":\"LKR\",\"SEK\":\"SEK\",\"CHF\":\"CHF\",\"THB\":\"THB\",\"TRY\":\"TRY\",\"UGX\":\"UGX\",\"UAH\":\"UAH\",\"AED\":\"AED\",\"GBP\":\"GBP\",\"USD\":\"USD\",\"VND\":\"VND\",\"XOF\":\"XOF\"}', 0, NULL, NULL, NULL, '2019-09-14 13:14:22', '2021-07-01 19:14:04'),
(6, 106, 'payeer', '5f6f1bc61518b1601117126.jpg', 'Payeer', 0, '{\"merchant_id\":{\"title\":\"Merchant ID\",\"global\":true,\"value\":\"866989763\"},\"secret_key\":{\"title\":\"Secret key\",\"global\":true,\"value\":\"7575\"}}', '{\"USD\":\"USD\",\"EUR\":\"EUR\",\"RUB\":\"RUB\"}', 0, '{\"status\":{\"title\": \"Status URL\",\"value\":\"ipn.payeer\"}}', NULL, NULL, '2019-09-14 13:14:22', '2021-07-01 19:14:12'),
(7, 107, 'paystack', '5f7096563dfb71601214038.jpg', 'PayStack', 0, '{\"public_key\":{\"title\":\"Public key\",\"global\":true,\"value\":\"pk_test_3c9c87f51b13c15d99eb367ca6ebc52cc9eb1f33\"},\"secret_key\":{\"title\":\"Secret key\",\"global\":true,\"value\":\"sk_test_2a3f97a146ab5694801f993b60fcb81cd7254f12\"}}', '{\"USD\":\"USD\",\"NGN\":\"NGN\"}', 0, '{\"callback\":{\"title\": \"Callback URL\",\"value\":\"ipn.paystack\"},\"webhook\":{\"title\": \"Webhook URL\",\"value\":\"ipn.paystack\"}}\r\n', NULL, NULL, '2019-09-14 13:14:22', '2021-07-01 19:14:18'),
(8, 108, 'voguepay', '5f6f1d5951a111601117529.jpg', 'VoguePay', 0, '{\"merchant_id\":{\"title\":\"MERCHANT ID\",\"global\":true,\"value\":\"demo\"}}', '{\"USD\":\"USD\",\"GBP\":\"GBP\",\"EUR\":\"EUR\",\"GHS\":\"GHS\",\"NGN\":\"NGN\",\"ZAR\":\"ZAR\"}', 0, NULL, NULL, NULL, '2019-09-14 13:14:22', '2021-07-01 19:14:24'),
(9, 109, 'flutterwave', '5f6f1b9e4bb961601117086.jpg', 'Flutterwave', 0, '{\"public_key\":{\"title\":\"Public Key\",\"global\":true,\"value\":\"FLWPUBK_TEST-5d9bb05bba2c13aa6c7a1ec7d7526ba2-X\"},\"secret_key\":{\"title\":\"Secret Key\",\"global\":true,\"value\":\"FLWSECK_TEST-2ac7b05b6b9fa8a423eb58241fd7bbb6-X\"},\"encryption_key\":{\"title\":\"Encryption Key\",\"global\":true,\"value\":\"FLWSECK_TEST32e13665a95a\"}}', '{\"KES\":\"KES\",\"GHS\":\"GHS\",\"NGN\":\"NGN\",\"USD\":\"USD\",\"GBP\":\"GBP\",\"EUR\":\"EUR\",\"UGX\":\"UGX\",\"TZS\":\"TZS\"}', 0, NULL, NULL, NULL, '2019-09-14 13:14:22', '2021-07-01 19:14:31'),
(10, 110, 'razorpay', '5f6f1d3672dd61601117494.jpg', 'RazorPay', 0, '{\"key_id\":{\"title\":\"Key Id\",\"global\":true,\"value\":\"rzp_test_kiOtejPbRZU90E\"},\"key_secret\":{\"title\":\"Key Secret \",\"global\":true,\"value\":\"osRDebzEqbsE1kbyQJ4y0re7\"}}', '{\"INR\":\"INR\"}', 0, NULL, NULL, NULL, '2019-09-14 13:14:22', '2021-07-01 19:14:37'),
(11, 111, 'stripe_js', '5f7096a31ed9a1601214115.jpg', 'Stripe Storefront', 0, '{\"secret_key\":{\"title\":\"Secret Key\",\"global\":true,\"value\":\"sk_test_51HuxFUHyGzEKoTKAfIosswAQduMOGU4q4elcNr8OE6LoBZcp2MHKalOW835wjRiF6fxVTc7RmBgatKfAt1Qq0heb00rUaCOd2T\"},\"publishable_key\":{\"title\":\"PUBLISHABLE KEY\",\"global\":true,\"value\":\"pk_test_51HuxFUHyGzEKoTKAueAuF9BrMDA5boMcpJLLt0vu4q3QdPX5isaGudKNe6OyVjZP1UugpYd6JA7i7TczRWsbutaP004YmBiSp5\"}}', '{\"USD\":\"USD\",\"AUD\":\"AUD\",\"BRL\":\"BRL\",\"CAD\":\"CAD\",\"CHF\":\"CHF\",\"DKK\":\"DKK\",\"EUR\":\"EUR\",\"GBP\":\"GBP\",\"HKD\":\"HKD\",\"INR\":\"INR\",\"JPY\":\"JPY\",\"MXN\":\"MXN\",\"MYR\":\"MYR\",\"NOK\":\"NOK\",\"NZD\":\"NZD\",\"PLN\":\"PLN\",\"SEK\":\"SEK\",\"SGD\":\"SGD\"}', 0, NULL, NULL, NULL, '2019-09-14 13:14:22', '2021-07-07 19:55:28'),
(12, 112, 'instamojo', '5f6f1babbdbb31601117099.jpg', 'Instamojo', 0, '{\"api_key\":{\"title\":\"API KEY\",\"global\":true,\"value\":\"test_2241633c3bc44a3de84a3b33969\"},\"auth_token\":{\"title\":\"Auth Token\",\"global\":true,\"value\":\"test_279f083f7bebefd35217feef22d\"},\"salt\":{\"title\":\"Salt\",\"global\":true,\"value\":\"19d38908eeff4f58b2ddda2c6d86ca25\"}}', '{\"INR\":\"INR\"}', 0, NULL, NULL, NULL, '2019-09-14 13:14:22', '2021-07-01 19:17:04'),
(13, 501, 'blockchain', '5f6f1b2b20c6f1601116971.jpg', 'Blockchain', 0, '{\"api_key\":{\"title\":\"API Key\",\"global\":true,\"value\":\"8df2e5a0-3798-4b74-871d-973615b57e7b\"},\"xpub_code\":{\"title\":\"XPUB CODE\",\"global\":true,\"value\":\"xpub6CXLqfWXj1xgXe79nEQb3pv2E7TGD13pZgHceZKrQAxqXdrC2FaKuQhm5CYVGyNcHLhSdWau4eQvq3EDCyayvbKJvXa11MX9i2cHPugpt3G\"}}', '{\"BTC\":\"BTC\"}', 1, NULL, NULL, NULL, '2019-09-14 13:14:22', '2021-07-01 19:16:53'),
(14, 502, 'blockio', '5f6f19432bedf1601116483.jpg', 'Block.io', 0, '{\"api_key\":{\"title\":\"API Key\",\"global\":false,\"value\":\"1658-8015-2e5e-9afb\"},\"api_pin\":{\"title\":\"API PIN\",\"global\":true,\"value\":\"covidvai2020\"}}', '{\"BTC\":\"BTC\",\"LTC\":\"LTC\",\"DOGE\":\"DOGE\"}', 1, '{\"cron\":{\"title\": \"Cron URL\",\"value\":\"ipn.blockio\"}}', NULL, NULL, '2019-09-14 13:14:22', '2021-07-01 19:16:47'),
(15, 503, 'coinpayments', '5f6f1b6c02ecd1601117036.jpg', 'CoinPayments', 0, '{\"public_key\":{\"title\":\"Public Key\",\"global\":true,\"value\":\"7638eebaf4061b7f7cdfceb14046318bbdabf7e2f64944773d6550bd59f70274\"},\"private_key\":{\"title\":\"Private Key\",\"global\":true,\"value\":\"Cb6dee7af8Eb9E0D4123543E690dA3673294147A5Dc8e7a621B5d484a3803207\"},\"merchant_id\":{\"title\":\"Merchant ID\",\"global\":true,\"value\":\"93a1e014c4ad60a7980b4a7239673cb4\"}}', '{\"BTC\":\"Bitcoin\",\"BTC.LN\":\"Bitcoin (Lightning Network)\",\"LTC\":\"Litecoin\",\"CPS\":\"CPS Coin\",\"VLX\":\"Velas\",\"APL\":\"Apollo\",\"AYA\":\"Aryacoin\",\"BAD\":\"Badcoin\",\"BCD\":\"Bitcoin Diamond\",\"BCH\":\"Bitcoin Cash\",\"BCN\":\"Bytecoin\",\"BEAM\":\"BEAM\",\"BITB\":\"Bean Cash\",\"BLK\":\"BlackCoin\",\"BSV\":\"Bitcoin SV\",\"BTAD\":\"Bitcoin Adult\",\"BTG\":\"Bitcoin Gold\",\"BTT\":\"BitTorrent\",\"CLOAK\":\"CloakCoin\",\"CLUB\":\"ClubCoin\",\"CRW\":\"Crown\",\"CRYP\":\"CrypticCoin\",\"CRYT\":\"CryTrExCoin\",\"CURE\":\"CureCoin\",\"DASH\":\"DASH\",\"DCR\":\"Decred\",\"DEV\":\"DeviantCoin\",\"DGB\":\"DigiByte\",\"DOGE\":\"Dogecoin\",\"EBST\":\"eBoost\",\"EOS\":\"EOS\",\"ETC\":\"Ether Classic\",\"ETH\":\"Ethereum\",\"ETN\":\"Electroneum\",\"EUNO\":\"EUNO\",\"EXP\":\"EXP\",\"Expanse\":\"Expanse\",\"FLASH\":\"FLASH\",\"GAME\":\"GameCredits\",\"GLC\":\"Goldcoin\",\"GRS\":\"Groestlcoin\",\"KMD\":\"Komodo\",\"LOKI\":\"LOKI\",\"LSK\":\"LSK\",\"MAID\":\"MaidSafeCoin\",\"MUE\":\"MonetaryUnit\",\"NAV\":\"NAV Coin\",\"NEO\":\"NEO\",\"NMC\":\"Namecoin\",\"NVST\":\"NVO Token\",\"NXT\":\"NXT\",\"OMNI\":\"OMNI\",\"PINK\":\"PinkCoin\",\"PIVX\":\"PIVX\",\"POT\":\"PotCoin\",\"PPC\":\"Peercoin\",\"PROC\":\"ProCurrency\",\"PURA\":\"PURA\",\"QTUM\":\"QTUM\",\"RES\":\"Resistance\",\"RVN\":\"Ravencoin\",\"RVR\":\"RevolutionVR\",\"SBD\":\"Steem Dollars\",\"SMART\":\"SmartCash\",\"SOXAX\":\"SOXAX\",\"STEEM\":\"STEEM\",\"STRAT\":\"STRAT\",\"SYS\":\"Syscoin\",\"TPAY\":\"TokenPay\",\"TRIGGERS\":\"Triggers\",\"TRX\":\" TRON\",\"UBQ\":\"Ubiq\",\"UNIT\":\"UniversalCurrency\",\"USDT\":\"Tether USD (Omni Layer)\",\"VTC\":\"Vertcoin\",\"WAVES\":\"Waves\",\"XCP\":\"Counterparty\",\"XEM\":\"NEM\",\"XMR\":\"Monero\",\"XSN\":\"Stakenet\",\"XSR\":\"SucreCoin\",\"XVG\":\"VERGE\",\"XZC\":\"ZCoin\",\"ZEC\":\"ZCash\",\"ZEN\":\"Horizen\"}', 1, NULL, NULL, NULL, '2019-09-14 13:14:22', '2021-07-01 19:16:35'),
(16, 504, 'coinpayments_fiat', '5f6f1b94e9b2b1601117076.jpg', 'CoinPayments Fiat', 0, '{\"merchant_id\":{\"title\":\"Merchant ID\",\"global\":true,\"value\":\"93a1e014c4ad60a7980b4a7239673cb4\"}}', '{\"USD\":\"USD\",\"AUD\":\"AUD\",\"BRL\":\"BRL\",\"CAD\":\"CAD\",\"CHF\":\"CHF\",\"CLP\":\"CLP\",\"CNY\":\"CNY\",\"DKK\":\"DKK\",\"EUR\":\"EUR\",\"GBP\":\"GBP\",\"HKD\":\"HKD\",\"INR\":\"INR\",\"ISK\":\"ISK\",\"JPY\":\"JPY\",\"KRW\":\"KRW\",\"NZD\":\"NZD\",\"PLN\":\"PLN\",\"RUB\":\"RUB\",\"SEK\":\"SEK\",\"SGD\":\"SGD\",\"THB\":\"THB\",\"TWD\":\"TWD\"}', 0, NULL, NULL, NULL, '2019-09-14 13:14:22', '2021-07-01 19:16:25'),
(17, 505, 'coingate', '5f6f1b5fe18ee1601117023.jpg', 'Coingate', 0, '{\"api_key\":{\"title\":\"API Key\",\"global\":true,\"value\":\"Ba1VgPx6d437xLXGKCBkmwVCEw5kHzRJ6thbGo-N\"}}', '{\"USD\":\"USD\",\"EUR\":\"EUR\"}', 0, NULL, NULL, NULL, '2019-09-14 13:14:22', '2021-07-01 19:16:18'),
(18, 506, 'coinbase_commerce', '5f6f1b4c774af1601117004.jpg', 'Coinbase Commerce', 0, '{\"api_key\":{\"title\":\"API Key\",\"global\":true,\"value\":\"c47cd7df-d8e8-424b-a20a\"},\"secret\":{\"title\":\"Webhook Shared Secret\",\"global\":true,\"value\":\"55871878-2c32-4f64-ab66\"}}', '{\"USD\":\"USD\",\"EUR\":\"EUR\",\"JPY\":\"JPY\",\"GBP\":\"GBP\",\"AUD\":\"AUD\",\"CAD\":\"CAD\",\"CHF\":\"CHF\",\"CNY\":\"CNY\",\"SEK\":\"SEK\",\"NZD\":\"NZD\",\"MXN\":\"MXN\",\"SGD\":\"SGD\",\"HKD\":\"HKD\",\"NOK\":\"NOK\",\"KRW\":\"KRW\",\"TRY\":\"TRY\",\"RUB\":\"RUB\",\"INR\":\"INR\",\"BRL\":\"BRL\",\"ZAR\":\"ZAR\",\"AED\":\"AED\",\"AFN\":\"AFN\",\"ALL\":\"ALL\",\"AMD\":\"AMD\",\"ANG\":\"ANG\",\"AOA\":\"AOA\",\"ARS\":\"ARS\",\"AWG\":\"AWG\",\"AZN\":\"AZN\",\"BAM\":\"BAM\",\"BBD\":\"BBD\",\"BDT\":\"BDT\",\"BGN\":\"BGN\",\"BHD\":\"BHD\",\"BIF\":\"BIF\",\"BMD\":\"BMD\",\"BND\":\"BND\",\"BOB\":\"BOB\",\"BSD\":\"BSD\",\"BTN\":\"BTN\",\"BWP\":\"BWP\",\"BYN\":\"BYN\",\"BZD\":\"BZD\",\"CDF\":\"CDF\",\"CLF\":\"CLF\",\"CLP\":\"CLP\",\"COP\":\"COP\",\"CRC\":\"CRC\",\"CUC\":\"CUC\",\"CUP\":\"CUP\",\"CVE\":\"CVE\",\"CZK\":\"CZK\",\"DJF\":\"DJF\",\"DKK\":\"DKK\",\"DOP\":\"DOP\",\"DZD\":\"DZD\",\"EGP\":\"EGP\",\"ERN\":\"ERN\",\"ETB\":\"ETB\",\"FJD\":\"FJD\",\"FKP\":\"FKP\",\"GEL\":\"GEL\",\"GGP\":\"GGP\",\"GHS\":\"GHS\",\"GIP\":\"GIP\",\"GMD\":\"GMD\",\"GNF\":\"GNF\",\"GTQ\":\"GTQ\",\"GYD\":\"GYD\",\"HNL\":\"HNL\",\"HRK\":\"HRK\",\"HTG\":\"HTG\",\"HUF\":\"HUF\",\"IDR\":\"IDR\",\"ILS\":\"ILS\",\"IMP\":\"IMP\",\"IQD\":\"IQD\",\"IRR\":\"IRR\",\"ISK\":\"ISK\",\"JEP\":\"JEP\",\"JMD\":\"JMD\",\"JOD\":\"JOD\",\"KES\":\"KES\",\"KGS\":\"KGS\",\"KHR\":\"KHR\",\"KMF\":\"KMF\",\"KPW\":\"KPW\",\"KWD\":\"KWD\",\"KYD\":\"KYD\",\"KZT\":\"KZT\",\"LAK\":\"LAK\",\"LBP\":\"LBP\",\"LKR\":\"LKR\",\"LRD\":\"LRD\",\"LSL\":\"LSL\",\"LYD\":\"LYD\",\"MAD\":\"MAD\",\"MDL\":\"MDL\",\"MGA\":\"MGA\",\"MKD\":\"MKD\",\"MMK\":\"MMK\",\"MNT\":\"MNT\",\"MOP\":\"MOP\",\"MRO\":\"MRO\",\"MUR\":\"MUR\",\"MVR\":\"MVR\",\"MWK\":\"MWK\",\"MYR\":\"MYR\",\"MZN\":\"MZN\",\"NAD\":\"NAD\",\"NGN\":\"NGN\",\"NIO\":\"NIO\",\"NPR\":\"NPR\",\"OMR\":\"OMR\",\"PAB\":\"PAB\",\"PEN\":\"PEN\",\"PGK\":\"PGK\",\"PHP\":\"PHP\",\"PKR\":\"PKR\",\"PLN\":\"PLN\",\"PYG\":\"PYG\",\"QAR\":\"QAR\",\"RON\":\"RON\",\"RSD\":\"RSD\",\"RWF\":\"RWF\",\"SAR\":\"SAR\",\"SBD\":\"SBD\",\"SCR\":\"SCR\",\"SDG\":\"SDG\",\"SHP\":\"SHP\",\"SLL\":\"SLL\",\"SOS\":\"SOS\",\"SRD\":\"SRD\",\"SSP\":\"SSP\",\"STD\":\"STD\",\"SVC\":\"SVC\",\"SYP\":\"SYP\",\"SZL\":\"SZL\",\"THB\":\"THB\",\"TJS\":\"TJS\",\"TMT\":\"TMT\",\"TND\":\"TND\",\"TOP\":\"TOP\",\"TTD\":\"TTD\",\"TWD\":\"TWD\",\"TZS\":\"TZS\",\"UAH\":\"UAH\",\"UGX\":\"UGX\",\"UYU\":\"UYU\",\"UZS\":\"UZS\",\"VEF\":\"VEF\",\"VND\":\"VND\",\"VUV\":\"VUV\",\"WST\":\"WST\",\"XAF\":\"XAF\",\"XAG\":\"XAG\",\"XAU\":\"XAU\",\"XCD\":\"XCD\",\"XDR\":\"XDR\",\"XOF\":\"XOF\",\"XPD\":\"XPD\",\"XPF\":\"XPF\",\"XPT\":\"XPT\",\"YER\":\"YER\",\"ZMW\":\"ZMW\",\"ZWL\":\"ZWL\"}\r\n\r\n', 0, '{\"endpoint\":{\"title\": \"Webhook Endpoint\",\"value\":\"ipn.coinbase_commerce\"}}', NULL, NULL, '2019-09-14 13:14:22', '2021-07-01 19:15:25'),
(24, 113, 'paypal_sdk', '5f6f1bec255c61601117164.jpg', 'Paypal Express', 0, '{\"clientId\":{\"title\":\"Paypal Client ID\",\"global\":true,\"value\":\"Ae0-tixtSV7DvLwIh3Bmu7JvHrjh5EfGdXr_cEklKAVjjezRZ747BxKILiBdzlKKyp-W8W_T7CKH1Ken\"},\"clientSecret\":{\"title\":\"Client Secret\",\"global\":true,\"value\":\"EOhbvHZgFNO21soQJT1L9Q00M3rK6PIEsdiTgXRBt2gtGtxwRer5JvKnVUGNU5oE63fFnjnYY7hq3HBA\"}}', '{\"AUD\":\"AUD\",\"BRL\":\"BRL\",\"CAD\":\"CAD\",\"CZK\":\"CZK\",\"DKK\":\"DKK\",\"EUR\":\"EUR\",\"HKD\":\"HKD\",\"HUF\":\"HUF\",\"INR\":\"INR\",\"ILS\":\"ILS\",\"JPY\":\"JPY\",\"MYR\":\"MYR\",\"MXN\":\"MXN\",\"TWD\":\"TWD\",\"NZD\":\"NZD\",\"NOK\":\"NOK\",\"PHP\":\"PHP\",\"PLN\":\"PLN\",\"GBP\":\"GBP\",\"RUB\":\"RUB\",\"SGD\":\"SGD\",\"SEK\":\"SEK\",\"CHF\":\"CHF\",\"THB\":\"THB\",\"USD\":\"$\"}', 0, NULL, NULL, NULL, '2019-09-14 13:14:22', '2021-07-26 14:34:13'),
(25, 114, 'stripe_v3', '5f709684736321601214084.jpg', 'Stripe Checkout', 0, '{\"secret_key\":{\"title\":\"Secret Key\",\"global\":true,\"value\":\"sk_test_51HuxFUHyGzEKoTKAfIosswAQduMOGU4q4elcNr8OE6LoBZcp2MHKalOW835wjRiF6fxVTc7RmBgatKfAt1Qq0heb00rUaCOd2T\"},\"publishable_key\":{\"title\":\"PUBLISHABLE KEY\",\"global\":true,\"value\":\"pk_test_51HuxFUHyGzEKoTKAueAuF9BrMDA5boMcpJLLt0vu4q3QdPX5isaGudKNe6OyVjZP1UugpYd6JA7i7TczRWsbutaP004YmBiSp5\"},\"end_point\":{\"title\":\"End Point Secret\",\"global\":true,\"value\":\"w5555\"}}', '{\"USD\":\"USD\",\"AUD\":\"AUD\",\"BRL\":\"BRL\",\"CAD\":\"CAD\",\"CHF\":\"CHF\",\"DKK\":\"DKK\",\"EUR\":\"EUR\",\"GBP\":\"GBP\",\"HKD\":\"HKD\",\"INR\":\"INR\",\"JPY\":\"JPY\",\"MXN\":\"MXN\",\"MYR\":\"MYR\",\"NOK\":\"NOK\",\"NZD\":\"NZD\",\"PLN\":\"PLN\",\"SEK\":\"SEK\",\"SGD\":\"SGD\"}', 0, '{\"webhook\":{\"title\": \"Webhook Endpoint\",\"value\":\"ipn.stripe_v3\"}}', NULL, NULL, '2019-09-14 13:14:22', '2021-07-13 06:10:18'),
(27, 115, 'mollie', '5f6f1bb765ab11601117111.jpg', 'Mollie', 0, '{\"mollie_email\":{\"title\":\"Mollie Email \",\"global\":true,\"value\":\"ronniearea@gmail.com\"},\"api_key\":{\"title\":\"API KEY\",\"global\":true,\"value\":\"test_cucfwKTWfft9s337qsVfn5CC4vNkrn\"}}', '{\"AED\":\"AED\",\"AUD\":\"AUD\",\"BGN\":\"BGN\",\"BRL\":\"BRL\",\"CAD\":\"CAD\",\"CHF\":\"CHF\",\"CZK\":\"CZK\",\"DKK\":\"DKK\",\"EUR\":\"EUR\",\"GBP\":\"GBP\",\"HKD\":\"HKD\",\"HRK\":\"HRK\",\"HUF\":\"HUF\",\"ILS\":\"ILS\",\"ISK\":\"ISK\",\"JPY\":\"JPY\",\"MXN\":\"MXN\",\"MYR\":\"MYR\",\"NOK\":\"NOK\",\"NZD\":\"NZD\",\"PHP\":\"PHP\",\"PLN\":\"PLN\",\"RON\":\"RON\",\"RUB\":\"RUB\",\"SEK\":\"SEK\",\"SGD\":\"SGD\",\"THB\":\"THB\",\"TWD\":\"TWD\",\"USD\":\"USD\",\"ZAR\":\"ZAR\"}', 0, NULL, NULL, NULL, '2019-09-14 13:14:22', '2021-07-01 19:17:26'),
(30, 116, 'cashmaal', '5f9a8b62bb4dd1603963746.png', 'Cashmaal', 0, '{\"web_id\":{\"title\":\"Web Id\",\"global\":true,\"value\":\"3748\"},\"ipn_key\":{\"title\":\"IPN Key\",\"global\":true,\"value\":\"546254628759524554647987\"}}', '{\"PKR\":\"PKR\",\"USD\":\"USD\"}', 0, '{\"webhook\":{\"title\": \"IPN URL\",\"value\":\"ipn.cashmaal\"}}', NULL, NULL, NULL, '2021-07-01 19:17:31'),
(31, 1000, 'transferencia', '60e848593eae31625835609.png', 'Transferencia', 1, '[]', '[]', 0, NULL, 'Cuenta Bancaria BCP: 93456789567890<div>Nombre: Luis Miguel Gutiérrez&nbsp;</div>', '[]', '2021-07-09 12:56:49', '2021-07-26 18:25:41'),
(32, 1001, 'yape', '6164c90d0e20a1633995021.png', 'Yape', 1, '[]', '[]', 0, NULL, 'Pague atreves de yape.<div>N° 924362698</div><div>Nombre: Luis Migues Sánchez&nbsp;&nbsp;</div>', '[]', '2021-10-11 23:27:37', '2021-10-11 23:30:21');

-- --------------------------------------------------------

--
-- Estructura de tabla para la tabla `gateway_currencies`
--

CREATE TABLE `gateway_currencies` (
  `id` int(10) UNSIGNED NOT NULL,
  `name` varchar(191) COLLATE utf8mb4_unicode_ci DEFAULT NULL,
  `currency` varchar(191) COLLATE utf8mb4_unicode_ci NOT NULL,
  `symbol` varchar(191) COLLATE utf8mb4_unicode_ci NOT NULL,
  `method_code` int(11) DEFAULT NULL,
  `gateway_alias` varchar(25) COLLATE utf8mb4_unicode_ci DEFAULT NULL,
  `min_amount` decimal(18,8) NOT NULL,
  `max_amount` decimal(18,8) NOT NULL,
  `percent_charge` decimal(5,2) NOT NULL DEFAULT 0.00,
  `fixed_charge` decimal(18,8) NOT NULL DEFAULT 0.00000000,
  `rate` decimal(18,8) NOT NULL DEFAULT 0.00000000,
  `image` varchar(191) COLLATE utf8mb4_unicode_ci DEFAULT NULL,
  `gateway_parameter` text COLLATE utf8mb4_unicode_ci DEFAULT NULL,
  `created_at` timestamp NULL DEFAULT NULL,
  `updated_at` timestamp NULL DEFAULT NULL
) ENGINE=InnoDB DEFAULT CHARSET=utf8mb4 COLLATE=utf8mb4_unicode_ci;

--
-- Volcado de datos para la tabla `gateway_currencies`
--

INSERT INTO `gateway_currencies` (`id`, `name`, `currency`, `symbol`, `method_code`, `gateway_alias`, `min_amount`, `max_amount`, `percent_charge`, `fixed_charge`, `rate`, `image`, `gateway_parameter`, `created_at`, `updated_at`) VALUES
(1, 'Tarjeta de crédito', 'USD', 'USD', 114, 'stripe_v3', '10.00000000', '1000.00000000', '0.00', '1.00000000', '1.00000000', '60de1663309aa1625167459.png', '{\"secret_key\":\"sk_test_51HuxFUHyGzEKoTKAfIosswAQduMOGU4q4elcNr8OE6LoBZcp2MHKalOW835wjRiF6fxVTc7RmBgatKfAt1Qq0heb00rUaCOd2T\",\"publishable_key\":\"pk_test_51HuxFUHyGzEKoTKAueAuF9BrMDA5boMcpJLLt0vu4q3QdPX5isaGudKNe6OyVjZP1UugpYd6JA7i7TczRWsbutaP004YmBiSp5\",\"end_point\":\"w5555\"}', '2021-07-01 19:24:19', '2021-07-01 19:24:19'),
(2, 'targeta', 'USD', 'USD', 111, 'stripe_js', '10.00000000', '100.00000000', '0.00', '1.00000000', '1.00000000', NULL, '{\"secret_key\":\"sk_test_51HuxFUHyGzEKoTKAfIosswAQduMOGU4q4elcNr8OE6LoBZcp2MHKalOW835wjRiF6fxVTc7RmBgatKfAt1Qq0heb00rUaCOd2T\",\"publishable_key\":\"pk_test_51HuxFUHyGzEKoTKAueAuF9BrMDA5boMcpJLLt0vu4q3QdPX5isaGudKNe6OyVjZP1UugpYd6JA7i7TczRWsbutaP004YmBiSp5\"}', '2021-07-01 19:26:27', '2021-07-01 19:26:27'),
(6, 'strikl', 'USD', '$', 104, 'skrill', '1.00000000', '100.00000000', '1.00', '1.00000000', '1.00000000', '60e60811018ce1625688081.jpg', '{\"pay_to_email\":\"merchant@skrill.com\",\"secret_key\":\"---\"}', '2021-07-07 20:01:21', '2021-07-07 20:01:21'),
(8, 'Tarjetas', 'USD', '$', 103, 'stripe', '1.00000000', '1000.00000000', '0.00', '1.00000000', '1.00000000', '60e60952f30021625688402.png', '{\"secret_key\":\"sk_test_51HuxFUHyGzEKoTKAfIosswAQduMOGU4q4elcNr8OE6LoBZcp2MHKalOW835wjRiF6fxVTc7RmBgatKfAt1Qq0heb00rUaCOd2T\",\"publishable_key\":\"pk_test_51HuxFUHyGzEKoTKAueAuF9BrMDA5boMcpJLLt0vu4q3QdPX5isaGudKNe6OyVjZP1UugpYd6JA7i7TczRWsbutaP004YmBiSp5\"}', '2021-07-07 20:08:31', '2021-07-07 20:08:31'),
(9, 'Transferencia', '$', '', 1000, 'transferencia', '1.00000000', '1000.00000000', '0.00', '0.00000000', '1.00000000', '60e848593eae31625835609.png', '[]', '2021-07-09 12:56:49', '2021-09-21 20:06:37'),
(10, 'payapal xpress', 'USD', '$', 113, 'paypal_sdk', '1.00000000', '100.00000000', '1.00', '1.00000000', '1.00000000', '60fec6da94b011627309786.png', '{\"clientId\":\"Ae0-tixtSV7DvLwIh3Bmu7JvHrjh5EfGdXr_cEklKAVjjezRZ747BxKILiBdzlKKyp-W8W_T7CKH1Ken\",\"clientSecret\":\"EOhbvHZgFNO21soQJT1L9Q00M3rK6PIEsdiTgXRBt2gtGtxwRer5JvKnVUGNU5oE63fFnjnYY7hq3HBA\"}', '2021-07-26 14:29:46', '2021-07-26 14:29:46'),
(12, 'paypal pro', 'USD', '$', 101, 'paypal', '10.00000000', '10000.00000000', '1.00', '1.00000000', '1.00000000', '60fec7ff1e5cf1627310079.png', '{\"paypal_email\":\"paypal@user.com\"}', '2021-07-26 14:34:39', '2021-07-26 14:34:39'),
(13, 'Yape', 'S/.', '', 1001, 'yape', '10.00000000', '1000.00000000', '0.00', '0.00000000', '1.00000000', '6164c90d0e20a1633995021.png', '[]', '2021-10-11 23:27:37', '2021-10-11 23:30:21');

-- --------------------------------------------------------

--
-- Estructura de tabla para la tabla `general_settings`
--

CREATE TABLE `general_settings` (
  `id` bigint(20) UNSIGNED NOT NULL,
  `sitename` varchar(50) COLLATE utf8mb4_unicode_ci DEFAULT NULL,
  `preloader_title` varchar(12) COLLATE utf8mb4_unicode_ci DEFAULT NULL,
  `cur_text` varchar(20) COLLATE utf8mb4_unicode_ci DEFAULT NULL COMMENT 'currency text',
  `cur_sym` varchar(20) COLLATE utf8mb4_unicode_ci DEFAULT NULL COMMENT 'currency symbol',
  `cod` tinyint(1) NOT NULL DEFAULT 1,
  `email_from` varchar(255) COLLATE utf8mb4_unicode_ci DEFAULT NULL,
  `email_template` text COLLATE utf8mb4_unicode_ci DEFAULT NULL,
  `sms_api` varchar(255) COLLATE utf8mb4_unicode_ci DEFAULT NULL,
  `base_color` varchar(10) COLLATE utf8mb4_unicode_ci DEFAULT NULL,
  `secondary_color` varchar(10) COLLATE utf8mb4_unicode_ci DEFAULT NULL,
  `mail_config` text COLLATE utf8mb4_unicode_ci DEFAULT NULL COMMENT 'email configuration',
  `ev` tinyint(1) NOT NULL DEFAULT 0 COMMENT 'email verification, 0 - dont check, 1 - check',
  `en` tinyint(1) NOT NULL DEFAULT 0 COMMENT 'email notification, 0 - dont send, 1 - send',
  `sv` tinyint(1) NOT NULL DEFAULT 0 COMMENT 'sms verication, 0 - dont check, 1 - check',
  `sn` tinyint(1) NOT NULL DEFAULT 0 COMMENT 'sms notification, 0 - dont send, 1 - send',
  `registration` tinyint(1) NOT NULL DEFAULT 0 COMMENT '0: Off	, 1: On',
  `social_login` tinyint(1) NOT NULL DEFAULT 0 COMMENT 'social login',
  `social_credential` text COLLATE utf8mb4_unicode_ci DEFAULT NULL,
  `active_template` varchar(50) COLLATE utf8mb4_unicode_ci DEFAULT NULL,
  `sys_version` text COLLATE utf8mb4_unicode_ci DEFAULT NULL,
  `created_at` timestamp NULL DEFAULT NULL,
  `updated_at` timestamp NULL DEFAULT NULL
) ENGINE=InnoDB DEFAULT CHARSET=utf8mb4 COLLATE=utf8mb4_unicode_ci;

--
-- Volcado de datos para la tabla `general_settings`
--

INSERT INTO `general_settings` (`id`, `sitename`, `preloader_title`, `cur_text`, `cur_sym`, `cod`, `email_from`, `email_template`, `sms_api`, `base_color`, `secondary_color`, `mail_config`, `ev`, `en`, `sv`, `sn`, `registration`, `social_login`, `social_credential`, `active_template`, `sys_version`, `created_at`, `updated_at`) VALUES
(1, 'OwenSyx', 'OwenSyx', 'PEN', 'S/.', 1, 'contact@systemwebpro.com', '<table style=\"color: rgb(0, 0, 0); font-family: &quot;Times New Roman&quot;; font-size: medium; font-style: normal; font-variant-ligatures: normal; font-variant-caps: normal; font-weight: 400; letter-spacing: normal; orphans: 2; text-align: start; text-indent: 0px; text-transform: none; white-space: normal; widows: 2; word-spacing: 0px; -webkit-text-stroke-width: 0px; background-color: rgb(0, 23, 54); text-decoration-style: initial; text-decoration-color: initial;\" width=\"100%\" cellspacing=\"0\" cellpadding=\"0\" border=\"0\" bgcolor=\"#001736\"><tbody><tr><td valign=\"top\" align=\"center\"><table class=\"mobile-shell\" width=\"650\" cellspacing=\"0\" cellpadding=\"0\" border=\"0\"><tbody><tr><td class=\"td container\" style=\"width: 650px; min-width: 650px; font-size: 0pt; line-height: 0pt; margin: 0px; font-weight: normal; padding: 55px 0px;\"><div style=\"text-align: center;\"><img width=\"400\" height=\"100\" src=\"https://owensyx.com/assets/images/logoIcon/logo_2.png\"><br></div><table style=\"width: 650px; margin: 0px auto;\" cellspacing=\"0\" cellpadding=\"0\" border=\"0\"><tbody><tr><td style=\"padding-bottom: 10px;\"><table width=\"100%\" cellspacing=\"0\" cellpadding=\"0\" border=\"0\"><tbody><tr><td class=\"tbrr p30-15\" style=\"padding: 60px 30px; border-radius: 26px 26px 0px 0px;\" bgcolor=\"#000036\"><table width=\"100%\" cellspacing=\"0\" cellpadding=\"0\" border=\"0\"><tbody><tr><td style=\"color: rgb(255, 255, 255); font-family: Muli, Arial, sans-serif; font-size: 20px; line-height: 46px; padding-bottom: 25px; font-weight: bold;\">Hola {{name}} ,</td></tr><tr><td style=\"color: rgb(193, 205, 220); font-family: Muli, Arial, sans-serif; font-size: 20px; line-height: 30px; padding-bottom: 25px;\">{{message}}</td></tr></tbody></table></td></tr></tbody></table></td></tr></tbody></table><table style=\"width: 650px; margin: 0px auto;\" cellspacing=\"0\" cellpadding=\"0\" border=\"0\"><tbody><tr><td class=\"p30-15 bbrr\" style=\"padding: 50px 30px; border-radius: 0px 0px 26px 26px;\" bgcolor=\"#000036\"><table width=\"100%\" cellspacing=\"0\" cellpadding=\"0\" border=\"0\"><tbody><tr><td class=\"text-footer1 pb10\" style=\"color: rgb(0, 153, 255); font-family: Muli, Arial, sans-serif; font-size: 18px; line-height: 30px; text-align: center; padding-bottom: 10px;\">© 2020 OwenSyx. Reservados todos los derechos.</td></tr></tbody></table></td></tr></tbody></table></td></tr></tbody></table></td></tr></tbody></table>', '***************', '1D2224', 'FF1616', '{\"name\":\"php\"}', 0, 1, 0, 1, 1, 0, '{\"google_client_id\":\"53929591142-l40gafo7efd9onfe6tj545sf9g7tv15t.apps.googleusercontent.com\",\"google_client_secret\":\"BRdB3np2IgYLiy4-bwMcmOwN\",\"fb_client_id\":\"277229062999748\",\"fb_client_secret\":\"1acfc850f73d1955d14b282938585122\"}', 'basic', NULL, NULL, '2021-10-30 18:46:43');

-- --------------------------------------------------------

--
-- Estructura de tabla para la tabla `languages`
--

CREATE TABLE `languages` (
  `id` int(10) UNSIGNED NOT NULL,
  `name` varchar(50) COLLATE utf8mb4_unicode_ci NOT NULL,
  `code` varchar(10) COLLATE utf8mb4_unicode_ci NOT NULL,
  `icon` varchar(191) COLLATE utf8mb4_unicode_ci DEFAULT NULL,
  `is_default` tinyint(4) NOT NULL DEFAULT 0 COMMENT '0: not default language, 1: default language',
  `created_at` timestamp NULL DEFAULT NULL,
  `updated_at` timestamp NULL DEFAULT NULL
) ENGINE=InnoDB DEFAULT CHARSET=utf8mb4 COLLATE=utf8mb4_unicode_ci;

--
-- Volcado de datos para la tabla `languages`
--

INSERT INTO `languages` (`id`, `name`, `code`, `icon`, `is_default`, `created_at`, `updated_at`) VALUES
(1, 'Español', 'es', '60e32254450e91625498196.png', 1, '2020-07-04 21:47:55', '2021-11-03 15:35:14');

-- --------------------------------------------------------

--
-- Estructura de tabla para la tabla `offers`
--

CREATE TABLE `offers` (
  `id` bigint(20) UNSIGNED NOT NULL,
  `name` varchar(50) COLLATE utf8mb4_unicode_ci NOT NULL,
  `discount_type` tinyint(4) NOT NULL COMMENT '1=fixed, 2=percent',
  `amount` double NOT NULL DEFAULT 0,
  `start_date` timestamp NULL DEFAULT NULL,
  `end_date` timestamp NULL DEFAULT NULL,
  `status` tinyint(1) NOT NULL DEFAULT 1 COMMENT '0=disabled, 1=enabled',
  `created_at` timestamp NULL DEFAULT NULL,
  `updated_at` timestamp NULL DEFAULT NULL
) ENGINE=InnoDB DEFAULT CHARSET=utf8mb4 COLLATE=utf8mb4_unicode_ci;

--
-- Volcado de datos para la tabla `offers`
--

INSERT INTO `offers` (`id`, `name`, `discount_type`, `amount`, `start_date`, `end_date`, `status`, `created_at`, `updated_at`) VALUES
(1, 'Oferta del mes', 2, 12, '2021-10-26 00:00:00', '2021-09-10 00:00:00', 0, '2021-07-11 14:38:55', '2021-10-26 21:30:47'),
(2, 'Ofertas Ciber Wow', 2, 30, '2021-10-25 00:00:00', '2021-10-31 00:00:00', 0, '2021-10-26 21:29:34', '2021-10-30 19:31:56');

-- --------------------------------------------------------

--
-- Estructura de tabla para la tabla `offers_products`
--

CREATE TABLE `offers_products` (
  `id` bigint(20) UNSIGNED NOT NULL,
  `offer_id` bigint(20) UNSIGNED NOT NULL,
  `product_id` bigint(20) UNSIGNED NOT NULL
) ENGINE=InnoDB DEFAULT CHARSET=utf8mb4 COLLATE=utf8mb4_unicode_ci;

--
-- Volcado de datos para la tabla `offers_products`
--

INSERT INTO `offers_products` (`id`, `offer_id`, `product_id`) VALUES
(1, 1, 5),
(2, 1, 6),
(3, 1, 8),
(4, 1, 10),
(5, 2, 7),
(6, 2, 4),
(7, 2, 12);

-- --------------------------------------------------------

--
-- Estructura de tabla para la tabla `orders`
--

CREATE TABLE `orders` (
  `id` bigint(20) UNSIGNED NOT NULL,
  `order_number` varchar(255) COLLATE utf8mb4_unicode_ci NOT NULL,
  `user_id` int(10) UNSIGNED NOT NULL,
  `shipping_address` text COLLATE utf8mb4_unicode_ci NOT NULL,
  `shipping_method_id` int(10) UNSIGNED NOT NULL,
  `shipping_charge` decimal(8,2) NOT NULL DEFAULT 0.00,
  `coupon_code` varchar(20) COLLATE utf8mb4_unicode_ci NOT NULL,
  `coupon_amount` double NOT NULL DEFAULT 0,
  `total_amount` decimal(8,2) NOT NULL DEFAULT 0.00,
  `order_type` tinyint(4) NOT NULL COMMENT '1 = Order for self, 2 = order for a guest',
  `payment_status` tinyint(1) NOT NULL DEFAULT 0 COMMENT '0=Not Paid ,1 = Paid, 2= Cash On Delivery',
  `status` tinyint(4) NOT NULL DEFAULT 0 COMMENT '0 = pending, 1 = processing, 2=dispatched, 3=delivered, 4= canceled_by_admin',
  `created_at` timestamp NULL DEFAULT NULL,
  `updated_at` timestamp NULL DEFAULT NULL
) ENGINE=InnoDB DEFAULT CHARSET=utf8mb4 COLLATE=utf8mb4_unicode_ci;

--
-- Volcado de datos para la tabla `orders`
--

INSERT INTO `orders` (`id`, `order_number`, `user_id`, `shipping_address`, `shipping_method_id`, `shipping_charge`, `coupon_code`, `coupon_amount`, `total_amount`, `order_type`, `payment_status`, `status`, `created_at`, `updated_at`) VALUES
(1, 'OWBMQH5E6YG2', 1, '{\"firstname\":\"Juan\",\"lastname\":\"Quispe\",\"mobile\":\"51924362694\",\"country\":\"Peru\",\"city\":\"Per\\u00fa\",\"state\":\"Ate\",\"zip\":\"1992\",\"address\":\"Ate Vitarte\"}', 1, '10.00', '', 0, '130.00', 1, 0, 0, '2021-07-01 19:12:56', '2021-07-01 19:12:56'),
(2, 'C2OBOF3CTSDM', 1, '{\"firstname\":\"Juan\",\"lastname\":\"Quispe\",\"mobile\":\"51924362694\",\"country\":\"Peru\",\"city\":\"Per\\u00fa\",\"state\":\"Ate\",\"zip\":\"1992\",\"address\":\"Ate Vitarte\"}', 1, '10.00', '', 0, '130.00', 1, 0, 0, '2021-07-01 19:15:48', '2021-07-01 19:15:48'),
(3, '2FXVPQRR6O2S', 1, '{\"firstname\":\"Juan\",\"lastname\":\"Quispe\",\"mobile\":\"51924362694\",\"country\":\"Peru\",\"city\":\"Per\\u00fa\",\"state\":\"Ate\",\"zip\":\"1992\",\"address\":\"Ate Vitarte\"}', 1, '10.00', '', 0, '130.00', 1, 0, 0, '2021-07-01 19:19:01', '2021-07-01 19:19:01'),
(4, 'TTA1W4YNYBNX', 1, '{\"firstname\":\"Juan\",\"lastname\":\"Quispe\",\"mobile\":\"51924362694\",\"country\":\"Peru\",\"city\":\"Per\\u00fa\",\"state\":\"Ate\",\"zip\":\"1992\",\"address\":\"Ate Vitarte\"}', 1, '10.00', '', 0, '130.00', 1, 0, 0, '2021-07-01 19:20:14', '2021-07-01 19:20:14'),
(5, 'NEYHW16HW17O', 1, '{\"firstname\":\"Juan\",\"lastname\":\"Quispe\",\"mobile\":\"51924362694\",\"country\":\"Peru\",\"city\":\"Per\\u00fa\",\"state\":\"Ate\",\"zip\":\"1992\",\"address\":\"Ate Vitarte\"}', 1, '10.00', '', 0, '130.00', 1, 0, 0, '2021-07-01 21:04:55', '2021-07-01 21:04:55'),
(6, '93HCNGAYD67Z', 1, '{\"firstname\":\"Juan\",\"lastname\":\"Quispe\",\"mobile\":\"51924362694\",\"country\":\"Peru\",\"city\":\"Per\\u00fa\",\"state\":\"Ate\",\"zip\":\"1992\",\"address\":\"Ate Vitarte\"}', 1, '10.00', '', 0, '35.00', 1, 0, 0, '2021-07-07 19:50:21', '2021-07-07 19:50:21'),
(7, 'FMT1T3Z2CNXP', 1, '{\"firstname\":\"Juan\",\"lastname\":\"Quispe\",\"mobile\":\"51924362694\",\"country\":\"Peru\",\"city\":\"Per\\u00fa\",\"state\":\"Ate\",\"zip\":\"1992\",\"address\":\"Ate Vitarte\"}', 1, '10.00', '', 0, '35.00', 1, 0, 0, '2021-07-07 20:25:48', '2021-07-07 20:25:48'),
(8, '75539UFKB6EU', 1, '{\"firstname\":\"Juan\",\"lastname\":\"Quispe\",\"mobile\":\"51924362694\",\"country\":\"Peru\",\"city\":\"Per\\u00fa\",\"state\":\"Ate\",\"zip\":\"1992\",\"address\":\"Ate Vitarte\"}', 1, '10.00', '', 0, '35.00', 1, 0, 0, '2021-07-07 20:31:08', '2021-07-07 20:31:08'),
(9, 'A6YR2395HDPF', 1, '{\"firstname\":\"Juan\",\"lastname\":\"Quispe\",\"mobile\":\"51924362694\",\"country\":\"Peru\",\"city\":\"Per\\u00fa\",\"state\":\"Ate\",\"zip\":\"1992\",\"address\":\"Ate Vitarte\"}', 1, '10.00', '', 0, '35.00', 1, 0, 0, '2021-07-09 02:22:47', '2021-07-09 02:22:47'),
(10, '5EGXAPDR7OSV', 1, '{\"firstname\":\"Juan\",\"lastname\":\"Quispe\",\"mobile\":\"51924362694\",\"country\":\"Peru\",\"city\":\"Per\\u00fa\",\"state\":\"Ate\",\"zip\":\"1992\",\"address\":\"Ate Vitarte\"}', 1, '10.00', '', 0, '135.00', 1, 0, 0, '2021-07-09 12:57:01', '2021-07-09 12:57:01'),
(11, '56HM3UQTXQTM', 1, '{\"firstname\":\"Juan\",\"lastname\":\"Quispe\",\"mobile\":\"51924362694\",\"country\":\"Peru\",\"city\":\"Per\\u00fa\",\"state\":\"Ate\",\"zip\":\"1992\",\"address\":\"Ate Vitarte\"}', 1, '10.00', '', 0, '135.00', 1, 0, 0, '2021-07-09 12:57:27', '2021-07-09 12:57:27'),
(12, 'W6U8S6NG5K4W', 1, '{\"firstname\":\"Juan\",\"lastname\":\"Quispe\",\"mobile\":\"51924362694\",\"country\":\"Peru\",\"city\":\"Per\\u00fa\",\"state\":\"Ate\",\"zip\":\"1992\",\"address\":\"Ate Vitarte\"}', 1, '10.00', '', 0, '135.00', 1, 1, 1, '2021-07-09 13:05:09', '2021-07-11 20:43:36'),
(13, 'MR2GTTSKA32Z', 1, '{\"firstname\":\"Juan\",\"lastname\":\"Quispe\",\"mobile\":\"51924362694\",\"country\":\"Peru\",\"city\":\"Per\\u00fa\",\"state\":\"Ate\",\"zip\":\"1992\",\"address\":\"Ate Vitarte\"}', 1, '10.00', '', 0, '110.00', 1, 0, 0, '2021-07-09 13:11:45', '2021-07-09 13:11:45'),
(14, '4MRS4V4N37WC', 3, '{\"firstname\":\"Tasha\",\"lastname\":\"Schroeder\",\"mobile\":\"235324234234\",\"country\":\"Chad\",\"city\":\"asdasd\",\"state\":\"asdasd\",\"zip\":\"4444\",\"address\":\"asdasd\"}', 1, '10.00', '', 0, '24.08', 1, 2, 0, '2021-07-12 05:22:27', '2021-07-12 05:22:27'),
(15, 'VDE2EAMF5R5J', 1, '{\"firstname\":\"Juan\",\"lastname\":\"Quispe\",\"mobile\":\"51924362694\",\"country\":\"Peru\",\"city\":\"Per\\u00fa\",\"state\":\"Ate\",\"zip\":\"1992\",\"address\":\"Ate Vitarte\"}', 1, '10.00', '', 0, '109.43', 1, 0, 0, '2021-07-12 12:11:43', '2021-07-12 12:11:43'),
(16, '6M65T1XAKP1Q', 1, '{\"firstname\":\"Juan\",\"lastname\":\"Quispe\",\"mobile\":\"51924362694\",\"country\":\"Peru\",\"city\":\"Per\\u00fa\",\"state\":\"Ate\",\"zip\":\"1992\",\"address\":\"Ate Vitarte\"}', 1, '10.00', '', 0, '109.43', 1, 2, 1, '2021-07-12 12:12:06', '2021-07-17 19:27:23'),
(17, 'COWYU1W6FA9Y', 1, '{\"firstname\":\"Juan\",\"lastname\":\"Quispe\",\"mobile\":\"51924362694\",\"country\":\"Peru\",\"city\":\"Per\\u00fa\",\"state\":\"Ate\",\"zip\":\"1992\",\"address\":\"Ate Vitarte\"}', 1, '10.00', '', 0, '20.56', 1, 0, 0, '2021-07-13 13:29:17', '2021-07-13 13:29:17'),
(18, 'EBY3G7NOU4SP', 1, '{\"firstname\":\"Juan\",\"lastname\":\"Quispe\",\"mobile\":\"51924362694\",\"country\":\"Peru\",\"city\":\"Per\\u00fa\",\"state\":\"Ate\",\"zip\":\"1992\",\"address\":\"Ate Vitarte\"}', 1, '10.00', '', 0, '20.56', 1, 2, 3, '2021-07-13 13:29:35', '2021-08-03 22:57:08'),
(19, '1RQ5YGWWV21E', 1, '{\"firstname\":\"Juan\",\"lastname\":\"Quispe\",\"mobile\":\"51924362694\",\"country\":\"Peru\",\"city\":\"Per\\u00fa\",\"state\":\"Ate\",\"zip\":\"1992\",\"address\":\"Ate Vitarte\"}', 1, '10.00', '', 0, '24.08', 1, 0, 0, '2021-07-14 12:26:58', '2021-07-14 12:26:58'),
(20, 'KH5HDTZROMED', 1, '{\"firstname\":\"Juan\",\"lastname\":\"Quispe\",\"mobile\":\"51924362694\",\"country\":\"Peru\",\"city\":\"Per\\u00fa\",\"state\":\"Ate\",\"zip\":\"1992\",\"address\":\"Ate Vitarte\"}', 1, '10.00', '', 0, '24.08', 1, 0, 0, '2021-07-26 14:23:06', '2021-07-26 14:23:06'),
(21, 'JCEO2EQGBC85', 1, '{\"firstname\":\"Juan\",\"lastname\":\"Quispe\",\"mobile\":\"51924362694\",\"country\":\"Peru\",\"city\":\"Per\\u00fa\",\"state\":\"Ate\",\"zip\":\"1992\",\"address\":\"Ate Vitarte\"}', 1, '10.00', '', 0, '24.08', 1, 0, 0, '2021-07-26 14:35:25', '2021-07-26 14:35:25'),
(22, 'F4U3RX2ROW2K', 1, '{\"firstname\":\"Juan\",\"lastname\":\"Quispe\",\"mobile\":\"51924362694\",\"country\":\"Peru\",\"city\":\"Per\\u00fa\",\"state\":\"Ate\",\"zip\":\"1992\",\"address\":\"Ate Vitarte\"}', 1, '10.00', '', 0, '851.28', 1, 0, 0, '2021-07-26 18:12:54', '2021-07-26 18:12:54'),
(23, '8X4X1C9W5YGC', 1, '{\"firstname\":\"Juan\",\"lastname\":\"Quispe\",\"mobile\":\"51924362694\",\"country\":\"Peru\",\"city\":\"Per\\u00fa\",\"state\":\"Ate\",\"zip\":\"1992\",\"address\":\"Ate Vitarte\"}', 1, '10.00', '', 0, '24.08', 1, 1, 0, '2021-07-26 18:16:36', '2021-07-26 18:17:23'),
(24, 'FDSOQ6T4Y38C', 1, '{\"firstname\":\"Juan\",\"lastname\":\"Quispe\",\"mobile\":\"51924362694\",\"country\":\"Peru\",\"city\":\"Per\\u00fa\",\"state\":\"Ate\",\"zip\":\"1992\",\"address\":\"Ate Vitarte\"}', 1, '10.00', '', 0, '24.08', 1, 0, 0, '2021-07-26 18:40:29', '2021-07-26 18:40:29'),
(25, 'U9K85WWMTRZE', 6, '{\"firstname\":\"Test\",\"lastname\":\"test\",\"mobile\":\"51924362698\",\"country\":\"Peru\",\"city\":\"Bolivia\",\"state\":\"ate\",\"zip\":\"182\",\"address\":\"Bolivia 1992 ate\"}', 1, '10.00', '', 0, '730.00', 1, 2, 3, '2021-07-30 20:27:06', '2021-08-03 23:26:52'),
(26, 'TDM2XV8AJ57C', 1, '{\"firstname\":\"Juan\",\"lastname\":\"Quispe\",\"mobile\":\"51924362694\",\"country\":\"Peru\",\"city\":\"Per\\u00fa\",\"state\":\"Ate\",\"zip\":\"1992\",\"address\":\"Ate Vitarte\"}', 1, '10.00', '', 0, '837.20', 1, 2, 0, '2021-08-02 15:31:50', '2021-08-02 15:31:51'),
(27, 'BAZTU7FECYMA', 5, '{\"firstname\":\"Marco Antonio\",\"lastname\":\"Ferm\\u00edn vaca\",\"mobile\":\"59178293253\",\"country\":\"Bolivia, Plurinational State of bolivia\",\"city\":\"la paz\",\"state\":\"bolivia\",\"zip\":\"1989\",\"address\":\"la paz\"}', 1, '10.00', '', 0, '1877.44', 1, 0, 0, '2021-08-02 15:44:20', '2021-08-02 15:44:20'),
(28, 'HFGGW89T7Y52', 5, '{\"firstname\":\"Marco Antonio\",\"lastname\":\"Ferm\\u00edn vaca\",\"mobile\":\"59178293253\",\"country\":\"Bolivia, Plurinational State of bolivia\",\"city\":\"la paz\",\"state\":\"bolivia\",\"zip\":\"1989\",\"address\":\"la paz\"}', 1, '10.00', '', 0, '837.20', 1, 0, 0, '2021-08-02 15:46:29', '2021-08-02 15:46:29'),
(29, 'WJHAJRF5Q722', 5, '{\"firstname\":\"Marco Antonio\",\"lastname\":\"Ferm\\u00edn vaca\",\"mobile\":\"59178293253\",\"country\":\"Bolivia, Plurinational State of bolivia\",\"city\":\"la paz\",\"state\":\"bolivia\",\"zip\":\"1989\",\"address\":\"la paz\"}', 1, '10.00', '', 0, '837.20', 1, 2, 3, '2021-08-02 15:50:09', '2021-08-03 23:22:19'),
(30, 'YRXEF9NFYFPP', 5, '{\"firstname\":\"Marco Antonio\",\"lastname\":\"Ferm\\u00edn vaca\",\"mobile\":\"59178293253\",\"country\":\"Bolivia, Plurinational State of bolivia\",\"city\":\"la paz\",\"state\":\"bolivia\",\"zip\":\"1989\",\"address\":\"la paz\"}', 1, '10.00', '', 0, '10.00', 1, 2, 3, '2021-08-02 15:54:18', '2021-08-03 23:20:47'),
(31, '7CKOKEBS3DVD', 5, '{\"firstname\":\"Marco Antonio\",\"lastname\":\"Ferm\\u00edn vaca\",\"mobile\":\"59178293253\",\"country\":\"Bolivia, Plurinational State of bolivia\",\"city\":\"la paz\",\"state\":\"bolivia\",\"zip\":\"1989\",\"address\":\"la paz\"}', 1, '10.00', '', 0, '9002.00', 1, 0, 0, '2021-08-02 18:00:50', '2021-08-02 18:00:50'),
(32, 'WB65C891CPOK', 1, '{\"firstname\":\"Juan\",\"lastname\":\"Quispe\",\"mobile\":\"51924362694\",\"country\":\"Peru\",\"city\":\"Per\\u00fa\",\"state\":\"Ate\",\"zip\":\"1992\",\"address\":\"Ate Vitarte\"}', 1, '10.00', '', 0, '24.08', 1, 0, 0, '2021-08-21 14:29:22', '2021-08-21 14:29:22'),
(33, 'S2Z3DAH6XUG5', 1, '{\"firstname\":\"Juan\",\"lastname\":\"Quispe\",\"mobile\":\"51924362694\",\"country\":\"Peru\",\"city\":\"Per\\u00fa\",\"state\":\"Ate\",\"zip\":\"1992\",\"address\":\"Ate Vitarte\"}', 1, '10.00', '', 0, '20.56', 1, 0, 0, '2021-08-21 21:39:57', '2021-08-21 21:39:57'),
(34, 'G6AVY4C1UB1K', 1, '{\"firstname\":\"Juan\",\"lastname\":\"Quispe\",\"mobile\":\"51924362694\",\"country\":\"Peru\",\"city\":\"Per\\u00fa\",\"state\":\"Ate\",\"zip\":\"1992\",\"address\":\"Ate Vitarte\"}', 1, '10.00', '', 0, '20.56', 1, 0, 0, '2021-08-21 21:41:09', '2021-08-21 21:41:09'),
(35, 'SYPUAARN59SO', 8, '{\"firstname\":\"Wiamar\",\"lastname\":\"Rodas Bustamanate\",\"mobile\":\"51942413302\",\"country\":\"Peru\",\"city\":\"Yurimaguas\",\"state\":\"Yurimaguas\",\"zip\":\"16501\",\"address\":\"Calle alfonzo ugarte 211\"}', 1, '10.00', '', 0, '1557.20', 1, 0, 0, '2021-08-25 15:16:33', '2021-08-25 15:16:33'),
(36, 'DRGXV9957RFA', 9, '{\"firstname\":\"Jesus\",\"lastname\":\"Salazar\",\"mobile\":\"593983031481\",\"country\":\"Ecuador\",\"city\":\"Guayaquil\",\"state\":\"Guayas\",\"zip\":\"593\",\"address\":\"Gua\"}', 1, '10.00', '', 0, '1664.40', 1, 0, 0, '2021-08-27 04:36:34', '2021-08-27 04:36:34'),
(37, 'YA6DOPQZN7JX', 12, '{\"firstname\":\"testq\",\"lastname\":\"test\",\"mobile\":\"88045551\",\"country\":\"Bangladesh\",\"city\":\"tfgh\",\"state\":\"th\",\"zip\":\"th\",\"address\":\"th\"}', 1, '10.00', '', 0, '0.00', 1, 0, 0, '2021-09-08 15:21:33', '2021-09-08 15:21:33'),
(38, 'D9T4DUABJ5PH', 12, '{\"firstname\":\"testq\",\"lastname\":\"test\",\"mobile\":\"88045551\",\"country\":\"Bangladesh\",\"city\":\"tfgh\",\"state\":\"th\",\"zip\":\"th\",\"address\":\"th\"}', 1, '10.00', '', 0, '950.00', 1, 0, 0, '2021-09-08 15:22:07', '2021-09-08 15:22:07'),
(39, 'VBP878YVXZ84', 6, '{\"firstname\":\"Test\",\"lastname\":\"test\",\"mobile\":\"51924362698\",\"country\":\"Peru\",\"city\":\"lima\",\"state\":\"ate\",\"zip\":\"23\",\"address\":\"Ate Vitarte Tupac Amaru\"}', 1, '10.00', '', 0, '26.00', 1, 0, 0, '2021-09-08 16:58:08', '2021-09-08 16:58:08'),
(40, 'N2NAG7Z95HUA', 6, '{\"firstname\":\"Lot\",\"lastname\":\"Quispe\",\"mobile\":\"0924362698\",\"country\":\"Ecuador\",\"city\":\"Lima\",\"state\":\"Lima\",\"zip\":\"173\",\"address\":\"Lima\\r\\nAte Vitarte\"}', 1, '10.00', '', 0, '26.00', 1, 2, 0, '2021-09-08 16:58:46', '2021-09-08 16:58:46'),
(41, '5HVQKKCYAMM2', 1, '{\"firstname\":\"Juan\",\"lastname\":\"Quispe\",\"mobile\":\"51924362694\",\"country\":\"Peru\",\"city\":\"Per\\u00fa\",\"state\":\"Ate\",\"zip\":\"1992\",\"address\":\"Ate Vitarte\"}', 1, '10.00', '', 0, '977.00', 1, 0, 0, '2021-09-21 20:02:27', '2021-09-21 20:02:27'),
(42, 'JUF2BYBNK8SQ', 1, '{\"firstname\":\"Juan\",\"lastname\":\"Quispe\",\"mobile\":\"51924362694\",\"country\":\"Peru\",\"city\":\"Per\\u00fa\",\"state\":\"Ate\",\"zip\":\"1992\",\"address\":\"Ate Vitarte\"}', 1, '10.00', '', 0, '22.00', 1, 0, 0, '2021-09-21 20:06:09', '2021-09-21 20:06:09'),
(43, 'XOHX4HWANZGN', 1, '{\"firstname\":\"Juan\",\"lastname\":\"Quispe\",\"mobile\":\"51924362694\",\"country\":\"Peru\",\"city\":\"Per\\u00fa\",\"state\":\"Ate\",\"zip\":\"1992\",\"address\":\"Ate Vitarte\"}', 1, '10.00', '', 0, '22.00', 1, 0, 0, '2021-09-21 20:07:01', '2021-09-21 20:07:01'),
(44, '8A8QQX3AATMG', 13, '{\"firstname\":\"Gustavo\",\"lastname\":\"Lopez Callejas\",\"mobile\":\"4426119018\",\"country\":\"Mexico\",\"city\":\"Santiago de Quer\\u00e9taro\",\"state\":\"Qro.\",\"zip\":\"76150\",\"address\":\"Sarasota 5\"}', 1, '10.00', '', 0, '42.00', 1, 0, 0, '2021-09-22 07:49:43', '2021-09-22 07:49:43'),
(45, '2NTV5SV2VU3R', 13, '{\"firstname\":\"Gustavo\",\"lastname\":\"Lopez Callejas\",\"mobile\":\"4426119018\",\"country\":\"Mexico\",\"city\":\"Santiago de Quer\\u00e9taro\",\"state\":\"Qro.\",\"zip\":\"76150\",\"address\":\"Sarasota 5\"}', 1, '10.00', '', 0, '42.00', 1, 1, 0, '2021-09-22 07:50:37', '2021-09-22 07:51:04'),
(46, 'U26XEQ3XG23A', 1, '{\"firstname\":\"Juan\",\"lastname\":\"Quispe\",\"mobile\":\"51924362694\",\"country\":\"Peru\",\"city\":\"Per\\u00fa\",\"state\":\"Ate\",\"zip\":\"1992\",\"address\":\"Ate Vitarte\"}', 1, '10.00', '', 0, '26.00', 1, 0, 0, '2021-09-23 13:14:33', '2021-09-23 13:14:34'),
(47, 'OJ981RR6XKV5', 14, '{\"firstname\":\"Laravel\",\"lastname\":\"Web\",\"mobile\":\"51931123123\",\"country\":\"Peru\",\"city\":\"Laravel\",\"state\":\"Laravel\",\"zip\":\"Laravel\",\"address\":\"Laravel\"}', 1, '10.00', '', 0, '225.99', 1, 0, 0, '2021-09-24 01:47:28', '2021-09-24 01:47:28'),
(48, 'MBSZPVZYK2MJ', 14, '{\"firstname\":\"Laravel\",\"lastname\":\"Web\",\"mobile\":\"51931123123\",\"country\":\"Peru\",\"city\":\"qwe\",\"state\":\"qwe\",\"zip\":\"qweqwe\",\"address\":\"qwe\"}', 1, '10.00', '', 0, '22.00', 1, 1, 0, '2021-09-24 12:12:16', '2021-09-24 12:13:28'),
(49, 'J4EM7O2M5OSY', 1, '{\"firstname\":\"Juan\",\"lastname\":\"Quispe\",\"mobile\":\"51924362694\",\"country\":\"Peru\",\"city\":\"Per\\u00fa\",\"state\":\"Ate\",\"zip\":\"1992\",\"address\":\"Ate Vitarte\"}', 1, '10.00', '', 0, '26.00', 1, 0, 0, '2021-10-11 23:31:00', '2021-10-11 23:31:00'),
(50, 'U3UM5KDMWXKS', 1, '{\"firstname\":\"Juan\",\"lastname\":\"Quispe\",\"mobile\":\"51924362694\",\"country\":\"Peru\",\"city\":\"Per\\u00fa\",\"state\":\"Ate\",\"zip\":\"1992\",\"address\":\"Ate Vitarte\"}', 1, '10.00', '', 0, '26.00', 1, 0, 0, '2021-10-11 23:33:00', '2021-10-11 23:33:00'),
(51, '4EQ6BDYSFTVX', 20, '{\"firstname\":\"LUIS\",\"lastname\":\"TENA\",\"mobile\":\"526563818374\",\"country\":\"Mexico\",\"city\":\"CD JUAREZ\",\"state\":\"CHIHUAHUA\",\"zip\":\"32575\",\"address\":\"WALTER GROPIUS\\r\\nHORIZONTES DEL SUR\"}', 2, '0.00', '', 0, '528.00', 1, 1, 0, '2021-10-28 02:18:57', '2021-10-28 02:20:33'),
(52, 'PDU5N2KREQT6', 21, '{\"firstname\":\"Isaac\",\"lastname\":\"Sanchez\",\"mobile\":\"51972501863\",\"country\":\"Peru\",\"city\":\"Chicayo\",\"state\":\"Lambayeque\",\"zip\":\"180\",\"address\":\"Huayna capac\"}', 2, '0.00', '', 0, '16.00', 1, 0, 0, '2021-10-28 03:00:53', '2021-10-28 03:00:53'),
(53, 'S3OQ3VA9EBOU', 23, '{\"firstname\":\"Alex\",\"lastname\":\"Ca\",\"mobile\":\"5047777-5567\",\"country\":\"Honduras\",\"city\":\"Tegucigalpa\",\"state\":\"Francisco Morazan\",\"zip\":\"11011\",\"address\":\"Col. Kennedy\"}', 1, '10.00', '', 0, '122.99', 1, 1, 0, '2021-10-28 05:40:52', '2021-10-28 05:42:51'),
(54, 'EZF6CWJCDXJ6', 18, '{\"firstname\":\"Andr\\u00e9s\",\"lastname\":\"Cayambe\",\"mobile\":\"+593997418430\",\"country\":\"Ecuador\",\"city\":\"RIOBAMBA\",\"state\":\"CHIMBORAZO\",\"zip\":\"060111\",\"address\":\"GUAYAQUIL  17-17 Y PEDRO DE ALVARADO\\r\\nCASA\"}', 2, '0.00', '', 0, '835.00', 1, 0, 0, '2021-11-06 17:04:26', '2021-11-06 17:04:26');

-- --------------------------------------------------------

--
-- Estructura de tabla para la tabla `order_details`
--

CREATE TABLE `order_details` (
  `id` bigint(20) UNSIGNED NOT NULL,
  `order_id` int(10) UNSIGNED NOT NULL,
  `product_id` int(10) UNSIGNED NOT NULL,
  `quantity` int(10) UNSIGNED NOT NULL,
  `base_price` decimal(8,2) NOT NULL DEFAULT 0.00,
  `total_price` decimal(8,2) NOT NULL DEFAULT 0.00,
  `details` text COLLATE utf8mb4_unicode_ci NOT NULL,
  `created_at` timestamp NULL DEFAULT NULL,
  `updated_at` timestamp NULL DEFAULT NULL
) ENGINE=InnoDB DEFAULT CHARSET=utf8mb4 COLLATE=utf8mb4_unicode_ci;

--
-- Volcado de datos para la tabla `order_details`
--

INSERT INTO `order_details` (`id`, `order_id`, `product_id`, `quantity`, `base_price`, `total_price`, `details`, `created_at`, `updated_at`) VALUES
(1, 1, 1, 1, '20.00', '60.00', '{\"variants\":[{\"name\":\"Color\",\"value\":\"Rojo\",\"price\":\"40.00\"}],\"offer_amount\":0}', '2021-07-01 19:12:56', '2021-07-01 19:12:56'),
(2, 1, 1, 1, '20.00', '60.00', '{\"variants\":[{\"name\":\"Color\",\"value\":\"Rojo\",\"price\":\"40.00\"}],\"offer_amount\":0}', '2021-07-01 19:12:56', '2021-07-01 19:12:56'),
(3, 2, 1, 1, '20.00', '60.00', '{\"variants\":[{\"name\":\"Color\",\"value\":\"Rojo\",\"price\":\"40.00\"}],\"offer_amount\":0}', '2021-07-01 19:15:48', '2021-07-01 19:15:48'),
(4, 2, 1, 1, '20.00', '60.00', '{\"variants\":[{\"name\":\"Color\",\"value\":\"Rojo\",\"price\":\"40.00\"}],\"offer_amount\":0}', '2021-07-01 19:15:48', '2021-07-01 19:15:48'),
(5, 3, 1, 1, '20.00', '60.00', '{\"variants\":[{\"name\":\"Color\",\"value\":\"Rojo\",\"price\":\"40.00\"}],\"offer_amount\":0}', '2021-07-01 19:19:01', '2021-07-01 19:19:01'),
(6, 3, 1, 1, '20.00', '60.00', '{\"variants\":[{\"name\":\"Color\",\"value\":\"Rojo\",\"price\":\"40.00\"}],\"offer_amount\":0}', '2021-07-01 19:19:01', '2021-07-01 19:19:01'),
(7, 4, 1, 1, '20.00', '60.00', '{\"variants\":[{\"name\":\"Color\",\"value\":\"Rojo\",\"price\":\"40.00\"}],\"offer_amount\":0}', '2021-07-01 19:20:14', '2021-07-01 19:20:14'),
(8, 4, 1, 1, '20.00', '60.00', '{\"variants\":[{\"name\":\"Color\",\"value\":\"Rojo\",\"price\":\"40.00\"}],\"offer_amount\":0}', '2021-07-01 19:20:14', '2021-07-01 19:20:14'),
(9, 5, 1, 1, '20.00', '60.00', '{\"variants\":[{\"name\":\"Color\",\"value\":\"Rojo\",\"price\":\"40.00\"}],\"offer_amount\":0}', '2021-07-01 21:04:55', '2021-07-01 21:04:55'),
(10, 5, 1, 1, '20.00', '60.00', '{\"variants\":[{\"name\":\"Color\",\"value\":\"Rojo\",\"price\":\"40.00\"}],\"offer_amount\":0}', '2021-07-01 21:04:55', '2021-07-01 21:04:55'),
(11, 6, 1, 1, '20.00', '25.00', '{\"variants\":[{\"name\":\"Color\",\"value\":\"Negro\",\"price\":\"0.00\"},{\"name\":\"Talla\",\"value\":\"Grande\",\"price\":\"5.00\"}],\"offer_amount\":0}', '2021-07-07 19:50:21', '2021-07-07 19:50:21'),
(12, 7, 1, 1, '20.00', '25.00', '{\"variants\":[{\"name\":\"Color\",\"value\":\"Negro\",\"price\":\"0.00\"},{\"name\":\"Talla\",\"value\":\"Grande\",\"price\":\"5.00\"}],\"offer_amount\":0}', '2021-07-07 20:25:48', '2021-07-07 20:25:48'),
(13, 8, 1, 1, '20.00', '25.00', '{\"variants\":[{\"name\":\"Color\",\"value\":\"Negro\",\"price\":\"0.00\"},{\"name\":\"Talla\",\"value\":\"Grande\",\"price\":\"5.00\"}],\"offer_amount\":0}', '2021-07-07 20:31:08', '2021-07-07 20:31:08'),
(14, 9, 1, 1, '20.00', '25.00', '{\"variants\":[{\"name\":\"Color\",\"value\":\"Negro\",\"price\":\"0.00\"},{\"name\":\"Talla\",\"value\":\"Grande\",\"price\":\"5.00\"}],\"offer_amount\":0}', '2021-07-09 02:22:47', '2021-07-09 02:22:47'),
(15, 10, 1, 1, '20.00', '25.00', '{\"variants\":[{\"name\":\"Color\",\"value\":\"Negro\",\"price\":\"0.00\"},{\"name\":\"Talla\",\"value\":\"Grande\",\"price\":\"5.00\"}],\"offer_amount\":0}', '2021-07-09 12:57:01', '2021-07-09 12:57:01'),
(16, 10, 2, 1, '100.00', '100.00', '{\"variants\":null,\"offer_amount\":0}', '2021-07-09 12:57:01', '2021-07-09 12:57:01'),
(17, 11, 1, 1, '20.00', '25.00', '{\"variants\":[{\"name\":\"Color\",\"value\":\"Negro\",\"price\":\"0.00\"},{\"name\":\"Talla\",\"value\":\"Grande\",\"price\":\"5.00\"}],\"offer_amount\":0}', '2021-07-09 12:57:27', '2021-07-09 12:57:27'),
(18, 11, 2, 1, '100.00', '100.00', '{\"variants\":null,\"offer_amount\":0}', '2021-07-09 12:57:27', '2021-07-09 12:57:27'),
(19, 12, 1, 1, '20.00', '25.00', '{\"variants\":[{\"name\":\"Color\",\"value\":\"Negro\",\"price\":\"0.00\"},{\"name\":\"Talla\",\"value\":\"Grande\",\"price\":\"5.00\"}],\"offer_amount\":0}', '2021-07-09 13:05:09', '2021-07-09 13:05:09'),
(20, 12, 2, 1, '100.00', '100.00', '{\"variants\":null,\"offer_amount\":0}', '2021-07-09 13:05:09', '2021-07-09 13:05:09'),
(21, 13, 2, 1, '100.00', '100.00', '{\"variants\":null,\"offer_amount\":0}', '2021-07-09 13:11:45', '2021-07-09 13:11:45'),
(22, 14, 6, 1, '16.00', '14.08', '{\"variants\":[{\"name\":\"Talla\",\"value\":\"Normal\",\"price\":\"0.00\"},{\"name\":\"Color\",\"value\":\"Celeste\",\"price\":\"0.00\"}],\"offer_amount\":1.92}', '2021-07-12 05:22:27', '2021-07-12 05:22:27'),
(23, 15, 5, 1, '112.99', '99.43', '{\"variants\":[{\"name\":\"Talla\",\"value\":\"Mediano\",\"price\":\"0.00\"}],\"offer_amount\":13.558799999999998}', '2021-07-12 12:11:43', '2021-07-12 12:11:43'),
(24, 16, 5, 1, '112.99', '99.43', '{\"variants\":[{\"name\":\"Talla\",\"value\":\"Mediano\",\"price\":\"0.00\"}],\"offer_amount\":13.558799999999998}', '2021-07-12 12:12:06', '2021-07-12 12:12:06'),
(25, 17, 10, 1, '12.00', '10.56', '{\"variants\":[{\"name\":\"Color\",\"value\":\"rojo\",\"price\":\"0.00\"}],\"offer_amount\":1.44}', '2021-07-13 13:29:17', '2021-07-13 13:29:17'),
(26, 18, 10, 1, '12.00', '10.56', '{\"variants\":[{\"name\":\"Color\",\"value\":\"rojo\",\"price\":\"0.00\"}],\"offer_amount\":1.44}', '2021-07-13 13:29:35', '2021-07-13 13:29:35'),
(27, 19, 6, 1, '16.00', '14.08', '{\"variants\":[{\"name\":\"Talla\",\"value\":\"Mediano\",\"price\":\"0.00\"},{\"name\":\"Color\",\"value\":\"Celeste\",\"price\":\"0.00\"}],\"offer_amount\":1.92}', '2021-07-14 12:26:58', '2021-07-14 12:26:58'),
(28, 20, 6, 1, '16.00', '14.08', '{\"variants\":[{\"name\":\"Talla\",\"value\":\"Mediano\",\"price\":\"0.00\"},{\"name\":\"Color\",\"value\":\"Celeste\",\"price\":\"0.00\"}],\"offer_amount\":1.92}', '2021-07-26 14:23:06', '2021-07-26 14:23:06'),
(29, 21, 6, 1, '16.00', '14.08', '{\"variants\":[{\"name\":\"Talla\",\"value\":\"Mediano\",\"price\":\"0.00\"},{\"name\":\"Color\",\"value\":\"Celeste\",\"price\":\"0.00\"}],\"offer_amount\":1.92}', '2021-07-26 14:35:25', '2021-07-26 14:35:25'),
(30, 22, 6, 1, '16.00', '14.08', '{\"variants\":[{\"name\":\"Talla\",\"value\":\"Mediano\",\"price\":\"0.00\"},{\"name\":\"Color\",\"value\":\"Celeste\",\"price\":\"0.00\"}],\"offer_amount\":1.92}', '2021-07-26 18:12:54', '2021-07-26 18:12:54'),
(31, 22, 8, 1, '940.00', '827.20', '{\"variants\":[{\"name\":\"Color\",\"value\":\"Negro\",\"price\":\"0.00\"}],\"offer_amount\":112.8}', '2021-07-26 18:12:54', '2021-07-26 18:12:54'),
(32, 23, 6, 1, '16.00', '14.08', '{\"variants\":[{\"name\":\"Talla\",\"value\":\"Mediano\",\"price\":\"0.00\"},{\"name\":\"Color\",\"value\":\"Negro\",\"price\":\"0.00\"}],\"offer_amount\":1.92}', '2021-07-26 18:16:36', '2021-07-26 18:16:36'),
(33, 24, 6, 1, '16.00', '14.08', '{\"variants\":[{\"name\":\"Talla\",\"value\":\"Grande\",\"price\":\"0.00\"},{\"name\":\"Color\",\"value\":\"Celeste\",\"price\":\"0.00\"}],\"offer_amount\":1.92}', '2021-07-26 18:40:29', '2021-07-26 18:40:29'),
(34, 25, 4, 1, '720.00', '720.00', '{\"variants\":null,\"offer_amount\":0}', '2021-07-30 20:27:06', '2021-07-30 20:27:06'),
(35, 26, 8, 1, '940.00', '827.20', '{\"variants\":[{\"name\":\"Color\",\"value\":\"Negro\",\"price\":\"0.00\"}],\"offer_amount\":112.8}', '2021-08-02 15:31:51', '2021-08-02 15:31:51'),
(36, 27, 6, 3, '16.00', '42.24', '{\"variants\":[{\"name\":\"Talla\",\"value\":\"Normal\",\"price\":\"0.00\"},{\"name\":\"Color\",\"value\":\"Negro\",\"price\":\"0.00\"}],\"offer_amount\":1.92}', '2021-08-02 15:44:20', '2021-08-02 15:44:20'),
(37, 27, 12, 1, '100.00', '103.00', '{\"variants\":[{\"name\":\"Talla\",\"value\":\"men\",\"price\":\"3.00\"}],\"offer_amount\":0}', '2021-08-02 15:44:20', '2021-08-02 15:44:20'),
(38, 27, 10, 5, '12.00', '52.80', '{\"variants\":[{\"name\":\"Color\",\"value\":\"rojo\",\"price\":\"0.00\"}],\"offer_amount\":1.44}', '2021-08-02 15:44:20', '2021-08-02 15:44:20'),
(39, 27, 7, 1, '15.00', '15.00', '{\"variants\":null,\"offer_amount\":0}', '2021-08-02 15:44:20', '2021-08-02 15:44:20'),
(40, 27, 8, 2, '940.00', '1654.40', '{\"variants\":[{\"name\":\"Color\",\"value\":\"Negro\",\"price\":\"0.00\"}],\"offer_amount\":112.8}', '2021-08-02 15:44:20', '2021-08-02 15:44:20'),
(41, 28, 8, 1, '940.00', '827.20', '{\"variants\":[{\"name\":\"Color\",\"value\":\"Negro\",\"price\":\"0.00\"}],\"offer_amount\":112.8}', '2021-08-02 15:46:29', '2021-08-02 15:46:29'),
(42, 29, 8, 1, '940.00', '827.20', '{\"variants\":[{\"name\":\"Color\",\"value\":\"Negro\",\"price\":\"0.00\"}],\"offer_amount\":112.8}', '2021-08-02 15:50:09', '2021-08-02 15:50:09'),
(43, 31, 8, 10, '940.00', '8272.00', '{\"variants\":[{\"name\":\"Color\",\"value\":\"Negro\",\"price\":\"0.00\"}],\"offer_amount\":112.8}', '2021-08-02 18:00:50', '2021-08-02 18:00:50'),
(44, 31, 4, 1, '720.00', '720.00', '{\"variants\":null,\"offer_amount\":0}', '2021-08-02 18:00:50', '2021-08-02 18:00:50'),
(45, 32, 6, 1, '16.00', '14.08', '{\"variants\":[{\"name\":\"Talla\",\"value\":\"Mediano\",\"price\":\"0.00\"},{\"name\":\"Color\",\"value\":\"Celeste\",\"price\":\"0.00\"}],\"offer_amount\":1.92}', '2021-08-21 14:29:22', '2021-08-21 14:29:22'),
(46, 33, 10, 1, '12.00', '10.56', '{\"variants\":[{\"name\":\"Color\",\"value\":\"rojo\",\"price\":\"0.00\"}],\"offer_amount\":1.44}', '2021-08-21 21:39:57', '2021-08-21 21:39:57'),
(47, 34, 10, 1, '12.00', '10.56', '{\"variants\":[{\"name\":\"Color\",\"value\":\"rojo\",\"price\":\"0.00\"}],\"offer_amount\":1.44}', '2021-08-21 21:41:09', '2021-08-21 21:41:09'),
(48, 35, 8, 1, '940.00', '827.20', '{\"variants\":[{\"name\":\"Color\",\"value\":\"Negro\",\"price\":\"0.00\"}],\"offer_amount\":112.8}', '2021-08-25 15:16:33', '2021-08-25 15:16:33'),
(49, 35, 4, 1, '720.00', '720.00', '{\"variants\":null,\"offer_amount\":0}', '2021-08-25 15:16:33', '2021-08-25 15:16:33'),
(50, 36, 8, 1, '940.00', '827.20', '{\"variants\":[{\"name\":\"Color\",\"value\":\"Negro\",\"price\":\"0.00\"}],\"offer_amount\":112.8}', '2021-08-27 04:36:34', '2021-08-27 04:36:34'),
(51, 36, 8, 1, '940.00', '827.20', '{\"variants\":[{\"name\":\"Color\",\"value\":\"Negro\",\"price\":\"0.00\"}],\"offer_amount\":112.8}', '2021-08-27 04:36:34', '2021-08-27 04:36:34'),
(52, 38, 8, 1, '940.00', '940.00', '{\"variants\":[{\"name\":\"Color\",\"value\":\"Negro\",\"price\":\"0.00\"}],\"offer_amount\":0}', '2021-09-08 15:22:07', '2021-09-08 15:22:07'),
(53, 39, 6, 1, '16.00', '16.00', '{\"variants\":[{\"name\":\"Talla\",\"value\":\"Normal\",\"price\":\"0.00\"},{\"name\":\"Color\",\"value\":\"Negro\",\"price\":\"0.00\"}],\"offer_amount\":0}', '2021-09-08 16:58:08', '2021-09-08 16:58:08'),
(54, 40, 6, 1, '16.00', '16.00', '{\"variants\":[{\"name\":\"Talla\",\"value\":\"Normal\",\"price\":\"0.00\"},{\"name\":\"Color\",\"value\":\"Negro\",\"price\":\"0.00\"}],\"offer_amount\":0}', '2021-09-08 16:58:46', '2021-09-08 16:58:46'),
(55, 41, 7, 1, '15.00', '15.00', '{\"variants\":null,\"offer_amount\":0}', '2021-09-21 20:02:27', '2021-09-21 20:02:27'),
(56, 41, 8, 1, '940.00', '940.00', '{\"variants\":[{\"name\":\"Color\",\"value\":\"Negro\",\"price\":\"0.00\"}],\"offer_amount\":0}', '2021-09-21 20:02:27', '2021-09-21 20:02:27'),
(57, 41, 10, 1, '12.00', '12.00', '{\"variants\":[{\"name\":\"Color\",\"value\":\"rojo\",\"price\":\"0.00\"}],\"offer_amount\":0}', '2021-09-21 20:02:27', '2021-09-21 20:02:27'),
(58, 42, 10, 1, '12.00', '12.00', '{\"variants\":[{\"name\":\"Color\",\"value\":\"rojo\",\"price\":\"0.00\"}],\"offer_amount\":0}', '2021-09-21 20:06:09', '2021-09-21 20:06:09'),
(59, 43, 10, 1, '12.00', '12.00', '{\"variants\":[{\"name\":\"Color\",\"value\":\"rojo\",\"price\":\"0.00\"}],\"offer_amount\":0}', '2021-09-21 20:07:01', '2021-09-21 20:07:01'),
(60, 44, 6, 2, '16.00', '32.00', '{\"variants\":[{\"name\":\"Talla\",\"value\":\"Normal\",\"price\":\"0.00\"},{\"name\":\"Color\",\"value\":\"Negro\",\"price\":\"0.00\"}],\"offer_amount\":0}', '2021-09-22 07:49:43', '2021-09-22 07:49:43'),
(61, 45, 6, 2, '16.00', '32.00', '{\"variants\":[{\"name\":\"Talla\",\"value\":\"Normal\",\"price\":\"0.00\"},{\"name\":\"Color\",\"value\":\"Negro\",\"price\":\"0.00\"}],\"offer_amount\":0}', '2021-09-22 07:50:37', '2021-09-22 07:50:37'),
(62, 46, 6, 1, '16.00', '16.00', '{\"variants\":[{\"name\":\"Talla\",\"value\":\"Normal\",\"price\":\"0.00\"},{\"name\":\"Color\",\"value\":\"Celeste\",\"price\":\"0.00\"}],\"offer_amount\":0}', '2021-09-23 13:14:34', '2021-09-23 13:14:34'),
(63, 47, 5, 1, '112.99', '112.99', '{\"variants\":[{\"name\":\"Talla\",\"value\":\"Mediano\",\"price\":\"0.00\"}],\"offer_amount\":0}', '2021-09-24 01:47:28', '2021-09-24 01:47:28'),
(64, 47, 12, 1, '100.00', '103.00', '{\"variants\":[{\"name\":\"Talla\",\"value\":\"men\",\"price\":\"3.00\"}],\"offer_amount\":0}', '2021-09-24 01:47:28', '2021-09-24 01:47:28'),
(65, 48, 10, 1, '12.00', '12.00', '{\"variants\":[{\"name\":\"Color\",\"value\":\"rojo\",\"price\":\"0.00\"}],\"offer_amount\":0}', '2021-09-24 12:12:16', '2021-09-24 12:12:16'),
(66, 49, 6, 1, '16.00', '16.00', '{\"variants\":[{\"name\":\"Talla\",\"value\":\"Normal\",\"price\":\"0.00\"},{\"name\":\"Color\",\"value\":\"Celeste\",\"price\":\"0.00\"}],\"offer_amount\":0}', '2021-10-11 23:31:00', '2021-10-11 23:31:00'),
(67, 50, 6, 1, '16.00', '16.00', '{\"variants\":[{\"name\":\"Talla\",\"value\":\"Normal\",\"price\":\"0.00\"},{\"name\":\"Color\",\"value\":\"Celeste\",\"price\":\"0.00\"}],\"offer_amount\":0}', '2021-10-11 23:33:00', '2021-10-11 23:33:00'),
(68, 51, 4, 1, '720.00', '504.00', '{\"variants\":null,\"offer_amount\":216}', '2021-10-28 02:18:57', '2021-10-28 02:18:57'),
(69, 51, 10, 2, '12.00', '24.00', '{\"variants\":[{\"name\":\"Color\",\"value\":\"rojo\",\"price\":\"0.00\"}],\"offer_amount\":0}', '2021-10-28 02:18:57', '2021-10-28 02:18:57'),
(70, 52, 6, 1, '16.00', '16.00', '{\"variants\":[{\"name\":\"Talla\",\"value\":\"Normal\",\"price\":\"0.00\"},{\"name\":\"Color\",\"value\":\"Negro\",\"price\":\"0.00\"}],\"offer_amount\":0}', '2021-10-28 03:00:53', '2021-10-28 03:00:53'),
(71, 53, 5, 1, '112.99', '112.99', '{\"variants\":[{\"name\":\"Talla\",\"value\":\"Mediano\",\"price\":\"0.00\"}],\"offer_amount\":0}', '2021-10-28 05:40:52', '2021-10-28 05:40:52'),
(72, 54, 4, 1, '720.00', '720.00', '{\"variants\":null,\"offer_amount\":0}', '2021-11-06 17:04:26', '2021-11-06 17:04:26'),
(73, 54, 12, 1, '100.00', '100.00', '{\"variants\":[{\"name\":\"Talla\",\"value\":\"Pequeno\",\"price\":\"0.00\"}],\"offer_amount\":0}', '2021-11-06 17:04:26', '2021-11-06 17:04:26'),
(74, 54, 7, 1, '15.00', '15.00', '{\"variants\":null,\"offer_amount\":0}', '2021-11-06 17:04:26', '2021-11-06 17:04:26');

-- --------------------------------------------------------

--
-- Estructura de tabla para la tabla `password_resets`
--

CREATE TABLE `password_resets` (
  `email` varchar(255) COLLATE utf8mb4_unicode_ci NOT NULL,
  `token` varchar(255) COLLATE utf8mb4_unicode_ci NOT NULL,
  `created_at` timestamp NULL DEFAULT NULL
) ENGINE=InnoDB DEFAULT CHARSET=utf8mb4 COLLATE=utf8mb4_unicode_ci;

--
-- Volcado de datos para la tabla `password_resets`
--

INSERT INTO `password_resets` (`email`, `token`, `created_at`) VALUES
('lotquispesistemas@gmail.com', '834780', '2021-07-07 14:32:45'),
('guslopezcallejas@gmail.com', '627863', '2021-09-23 07:10:17'),
('bradysam@hotmail.com', '792492', '2021-11-06 16:59:06');

-- --------------------------------------------------------

--
-- Estructura de tabla para la tabla `plugins`
--

CREATE TABLE `plugins` (
  `id` int(10) UNSIGNED NOT NULL,
  `act` varchar(191) COLLATE utf8mb4_unicode_ci NOT NULL,
  `name` varchar(191) COLLATE utf8mb4_unicode_ci NOT NULL,
  `description` text COLLATE utf8mb4_unicode_ci DEFAULT NULL,
  `image` varchar(191) COLLATE utf8mb4_unicode_ci DEFAULT NULL,
  `script` text COLLATE utf8mb4_unicode_ci DEFAULT NULL,
  `shortcode` text COLLATE utf8mb4_unicode_ci DEFAULT NULL COMMENT 'object',
  `support` text COLLATE utf8mb4_unicode_ci DEFAULT NULL COMMENT 'help section',
  `status` tinyint(1) NOT NULL DEFAULT 1,
  `deleted_at` datetime DEFAULT NULL,
  `created_at` timestamp NULL DEFAULT NULL,
  `updated_at` timestamp NULL DEFAULT NULL
) ENGINE=InnoDB DEFAULT CHARSET=utf8mb4 COLLATE=utf8mb4_unicode_ci;

--
-- Volcado de datos para la tabla `plugins`
--

INSERT INTO `plugins` (`id`, `act`, `name`, `description`, `image`, `script`, `shortcode`, `support`, `status`, `deleted_at`, `created_at`, `updated_at`) VALUES
(1, 'custom-captcha', 'Custom Captcha', 'Just Put Any Random String', 'customcaptcha.png', NULL, '{\"random_key\":{\"title\":\"Random String\",\"value\":\"Este sitio web se usan para personalizar el contenido y los anuncios, ofrecer funciones de redes sociales y analizar el tr\\u00e1fico. Adem\\u00e1s, compartimos informaci\\u00f3n sobre el uso que haga del sitio web con nuestros partners de redes sociales, publicidad y an\\u00e1lisis web, quienes pueden combinarla con otra informaci\\u00f3n que les haya proporcionado o que hayan recopilado a partir del uso que haya hecho de sus servicios\"}}', 'na', 0, NULL, '2019-10-18 17:16:05', '2021-10-30 19:29:58');

-- --------------------------------------------------------

--
-- Estructura de tabla para la tabla `products`
--

CREATE TABLE `products` (
  `id` bigint(20) UNSIGNED NOT NULL,
  `brand_id` int(10) UNSIGNED NOT NULL,
  `sku` varchar(100) COLLATE utf8mb4_unicode_ci DEFAULT NULL,
  `name` varchar(191) COLLATE utf8mb4_unicode_ci NOT NULL,
  `model` varchar(100) COLLATE utf8mb4_unicode_ci DEFAULT NULL,
  `has_variants` tinyint(3) UNSIGNED NOT NULL DEFAULT 0,
  `track_inventory` tinyint(3) UNSIGNED NOT NULL DEFAULT 1,
  `show_in_frontend` tinyint(3) UNSIGNED NOT NULL DEFAULT 1,
  `main_image` text COLLATE utf8mb4_unicode_ci NOT NULL,
  `video_link` text COLLATE utf8mb4_unicode_ci DEFAULT NULL,
  `description` text COLLATE utf8mb4_unicode_ci DEFAULT NULL,
  `summary` text COLLATE utf8mb4_unicode_ci DEFAULT NULL,
  `specification` longtext CHARACTER SET utf8mb4 COLLATE utf8mb4_bin DEFAULT NULL CHECK (json_valid(`specification`)),
  `extra_descriptions` longtext CHARACTER SET utf8mb4 COLLATE utf8mb4_bin DEFAULT NULL CHECK (json_valid(`extra_descriptions`)),
  `base_price` decimal(8,2) NOT NULL DEFAULT 0.00,
  `is_featured` tinyint(1) NOT NULL DEFAULT 0,
  `is_special` tinyint(1) NOT NULL DEFAULT 0,
  `meta_title` varchar(191) COLLATE utf8mb4_unicode_ci DEFAULT NULL,
  `meta_description` varchar(191) COLLATE utf8mb4_unicode_ci DEFAULT NULL,
  `meta_keywords` text CHARACTER SET utf8mb4 COLLATE utf8mb4_bin DEFAULT NULL,
  `created_at` timestamp NULL DEFAULT NULL,
  `updated_at` timestamp NULL DEFAULT NULL,
  `deleted_at` timestamp NULL DEFAULT NULL
) ENGINE=InnoDB DEFAULT CHARSET=utf8mb4 COLLATE=utf8mb4_unicode_ci;

--
-- Volcado de datos para la tabla `products`
--

INSERT INTO `products` (`id`, `brand_id`, `sku`, `name`, `model`, `has_variants`, `track_inventory`, `show_in_frontend`, `main_image`, `video_link`, `description`, `summary`, `specification`, `extra_descriptions`, `base_price`, `is_featured`, `is_special`, `meta_title`, `meta_description`, `meta_keywords`, `created_at`, `updated_at`, `deleted_at`) VALUES
(1, 1, NULL, 'CASACA DE BUZO SST', 'Casaca', 1, 1, 1, '60ddf5dedaa861625159134.jpg', NULL, NULL, 'UNA CASACA CLÁSICA DE ADIDAS EXTRAÍDA DIRECTAMENTE DE LOS ARCHIVOS', '{\"1\":{\"name\":\"Color\",\"value\":\"Negro, Rojo, Azul\"},\"2\":{\"name\":\"Sexo\",\"value\":\"Masculino\"}}', NULL, '20.00', 1, 1, NULL, NULL, NULL, '2021-07-01 17:05:34', '2021-07-10 19:46:27', '2021-07-10 19:46:27'),
(2, 7, 'PRO02', 'Nike AIR MAX', 'nike', 0, 1, 1, '60e4a903058871625598211.jpg', '1ApSsD2USzs', '<span style=\"-webkit-font-smoothing: antialiased; --tw-shadow: 0 0 rgba(0, 0, 0, 0); --tw-ring-inset: var(--tw-empty, ); --tw-ring-offset-width: 0px; --tw-ring-offset-color: #fff; --tw-ring-color: rgba(11, 123, 193, 0.5); --tw-ring-offset-shadow: 0 0 rgba(0, 0, 0, 0); --tw-ring-shadow: 0 0 rgba(0, 0, 0, 0); font-family: Barlow, sans-serif; font-size: 14px; color: rgb(130, 36, 127);\"><h2 style=\"-webkit-font-smoothing: antialiased; --tw-shadow: 0 0 rgba(0, 0, 0, 0); --tw-ring-inset: var(--tw-empty, ); --tw-ring-offset-width: 0px; --tw-ring-offset-color: #fff; --tw-ring-color: rgba(11, 123, 193, 0.5); --tw-ring-offset-shadow: 0 0 rgba(0, 0, 0, 0); --tw-ring-shadow: 0 0 rgba(0, 0, 0, 0); font-size: 1.75rem; letter-spacing: 0.25px;\">NIKE ZAPATILLAS AIR MAX INFINITY BQ3999-010 PARA HOMBRE</h2></span><p style=\"-webkit-font-smoothing: antialiased; --tw-shadow: 0 0 rgba(0, 0, 0, 0); --tw-ring-inset: var(--tw-empty, ); --tw-ring-offset-width: 0px; --tw-ring-offset-color: #fff; --tw-ring-color: rgba(11, 123, 193, 0.5); --tw-ring-offset-shadow: 0 0 rgba(0, 0, 0, 0); --tw-ring-shadow: 0 0 rgba(0, 0, 0, 0); color: rgb(106, 106, 106); font-family: Barlow, sans-serif; font-size: 14px;\">¡Renuévate! Estas zapatillas para hombre de Nike te acompañarán a todos lados, gracias a su increíble sistema que te brinda amortiguación receptiva y ligera para una pisada más cómoda. Además, gracias a su diseño, Tendrás mayor soporte y tus pies se manTendrán frescos por más tiempo.</p><p style=\"-webkit-font-smoothing: antialiased; --tw-shadow: 0 0 rgba(0, 0, 0, 0); --tw-ring-inset: var(--tw-empty, ); --tw-ring-offset-width: 0px; --tw-ring-offset-color: #fff; --tw-ring-color: rgba(11, 123, 193, 0.5); --tw-ring-offset-shadow: 0 0 rgba(0, 0, 0, 0); --tw-ring-shadow: 0 0 rgba(0, 0, 0, 0); color: rgb(106, 106, 106); font-family: Barlow, sans-serif; font-size: 14px;\">¿Qué esperas para lucirte con este calzado? Encuentra lo mejores precios en Ripley.com.</p>', 'Nike llega Ripley.com con su nueva colección de zapatillas para hombre. ¡Adquiérelas hoy!', '{\"1\":{\"name\":\"Modelo\",\"value\":\"BQ3999-010\"},\"2\":{\"name\":\"G\\u00e9nero\",\"value\":\"Hombre\"},\"3\":{\"name\":\"Tipo de Producto\",\"value\":\"Zapatillas\"},\"4\":{\"name\":\"Material\",\"value\":\"56% Textil - 44% Cuero Sint\\u00e9tico\"}}', NULL, '100.00', 1, 1, NULL, NULL, NULL, '2021-07-06 19:03:31', '2021-07-10 19:46:06', '2021-07-10 19:46:06'),
(3, 3, NULL, 'Notebook Hp Pavilion X360', 'notebook', 1, 1, 1, '60e9f346ae2e11625944902.jpg', NULL, NULL, 'excelente hermanos', '{\"1\":{\"name\":\"Procesador\",\"value\":\"Intel Core i5\"},\"2\":{\"name\":\"Modelo tarjeta de video\",\"value\":\"Intel\\u00ae UHD 620\"},\"3\":{\"name\":\"Tama\\u00f1o de la pantalla\",\"value\":\"14 pulgadas\"},\"4\":{\"name\":\"Unidad de estado s\\u00f3lido SSD\",\"value\":\"256Gb\"},\"5\":{\"name\":\"N\\u00facleos del procesador\",\"value\":\"Quad Core\"},\"6\":{\"name\":\"Memoria RAM\",\"value\":\"8GB\"},\"7\":{\"name\":\"Resoluci\\u00f3n de la pantalla\",\"value\":\"Full HD (1920X1080)\"}}', NULL, '720.00', 1, 1, 'Notebook', 'Los mejores en PC', '[\"Notebook\",\"pc\",\"laptop\",\"informatica\"]', '2021-07-10 19:21:42', '2021-07-10 19:29:15', '2021-07-10 19:29:15'),
(4, 3, '98776', 'Notebook Hp Pavilion X360', 'notebook', 0, 1, 1, '60e9f6f0f229b1625945840.jpg', NULL, '<h3 class=\"fb-cpy-bold\" style=\"box-sizing: inherit; margin: 0px 0px 0.8em; padding: 0px; border: 0px; font-style: inherit; font-variant: inherit; font-weight: 700; font-stretch: inherit; font-size: 2.4rem; line-height: 2.4rem; font-family: Lato, sans-serif; -webkit-font-smoothing: antialiased; vertical-align: baseline; -webkit-tap-highlight-color: transparent; text-align: left;\">Windows Ink</h3><h1 class=\"product_title entry-title\" style=\"clear: none; padding: 0px 54px 0px 0px; margin-bottom: 10px; font-weight: 700; font-size: 26px; line-height: 24px; font-family: Roboto, Arial, Helvetica, sans-serif; color: rgb(85, 85, 85); text-transform: capitalize; letter-spacing: 0.5px;\"><div class=\"fb-product-information-tab__picture-text separator\" style=\"box-sizing: inherit; margin: 0px; padding: 2.5em 0px; border-width: 0px 0px 1px; border-top-style: initial; border-right-style: initial; border-bottom-style: solid; border-left-style: initial; border-top-color: initial; border-right-color: initial; border-bottom-color: rgb(240, 240, 240); border-left-color: initial; border-image: initial; font-variant-numeric: inherit; font-variant-east-asian: inherit; font-weight: 400; font-stretch: inherit; font-size: 16px; line-height: inherit; font-family: Lato, sans-serif; -webkit-font-smoothing: antialiased; vertical-align: baseline; -webkit-tap-highlight-color: transparent; display: flex; flex-direction: row; justify-content: space-between; align-items: center; color: rgb(0, 0, 0); letter-spacing: normal; text-transform: none;\"><div class=\"fb-product-information-tab__picture-text-first orderFix\" style=\"box-sizing: inherit; margin: 0px; padding: 0px; border: 0px; font-style: inherit; font-variant: inherit; font-weight: inherit; font-stretch: inherit; font-size: inherit; line-height: inherit; -webkit-font-smoothing: antialiased; vertical-align: baseline; -webkit-tap-highlight-color: transparent; width: 310.266px; order: 1;\"><p class=\"fb-cpy-small\" style=\"box-sizing: inherit; margin-right: 0px; margin-left: 0px; padding: 0px; border: 0px; font-style: inherit; font-variant: inherit; font-stretch: inherit; font-size: 1.4rem; line-height: 2.1rem; -webkit-font-smoothing: antialiased; vertical-align: baseline; -webkit-tap-highlight-color: transparent;\">Diseña, cambia fotos, edita videos o crea notas en tu notebook HP Pavilion x360 de manera fácil y fluida con el lápiz inteligente incluido y la nueva tecnología Windows Ink.</p></div><div class=\"fb-product-information-tab__picture-text-second orderFix\" style=\"box-sizing: inherit; margin: 0px; padding: 0px; border: 0px; font-style: inherit; font-variant: inherit; font-weight: inherit; font-stretch: inherit; font-size: inherit; line-height: inherit; -webkit-font-smoothing: antialiased; vertical-align: baseline; -webkit-tap-highlight-color: transparent; width: 310.266px; order: 2;\"><img src=\"http://falabella.scene7.com/is/image/Falabella/7587833_img2?wid=560\" alt=\"notebook hp pavilion x360 14-dh0003la\" style=\"box-sizing: inherit; margin: 0px; padding: 0px; border: 0px; font-style: inherit; font-variant: inherit; font-weight: inherit; font-stretch: inherit; font-size: inherit; line-height: inherit; -webkit-font-smoothing: antialiased; vertical-align: baseline; -webkit-tap-highlight-color: transparent;\"></div></div><div class=\"fb-product-information-tab__picture-text separator\" style=\"box-sizing: inherit; margin: 0px; padding: 2.5em 0px; border-width: 0px 0px 1px; border-top-style: initial; border-right-style: initial; border-bottom-style: solid; border-left-style: initial; border-top-color: initial; border-right-color: initial; border-bottom-color: rgb(240, 240, 240); border-left-color: initial; border-image: initial; font-variant-numeric: inherit; font-variant-east-asian: inherit; font-weight: 400; font-stretch: inherit; font-size: 16px; line-height: inherit; font-family: Lato, sans-serif; -webkit-font-smoothing: antialiased; vertical-align: baseline; -webkit-tap-highlight-color: transparent; display: flex; flex-direction: row; justify-content: space-between; align-items: center; color: rgb(0, 0, 0); letter-spacing: normal; text-transform: none;\"><div class=\"fb-product-information-tab__picture-text-first\" style=\"box-sizing: inherit; margin: 0px; padding: 0px; border: 0px; font-style: inherit; font-variant: inherit; font-weight: inherit; font-stretch: inherit; font-size: inherit; line-height: inherit; -webkit-font-smoothing: antialiased; vertical-align: baseline; -webkit-tap-highlight-color: transparent; width: 310.266px;\"><img src=\"http://falabella.scene7.com/is/image/Falabella/7587833_img3?wid=560\" alt=\"notebook hp pavilion x360 14-dh0003la\" style=\"box-sizing: inherit; margin: 0px; padding: 0px; border: 0px; font-style: inherit; font-variant: inherit; font-weight: inherit; font-stretch: inherit; font-size: inherit; line-height: inherit; -webkit-font-smoothing: antialiased; vertical-align: baseline; -webkit-tap-highlight-color: transparent;\"></div></div></h1><h3 class=\"fb-cpy-bold\" style=\"box-sizing: inherit; margin-bottom: 0.8em; padding: 0px; border: 0px; font-style: inherit; font-variant: inherit; font-weight: 700; font-stretch: inherit; font-size: 2.4rem; line-height: 2.4rem; font-family: Lato, sans-serif; -webkit-font-smoothing: antialiased; vertical-align: baseline; -webkit-tap-highlight-color: transparent;\">Una experiencia de audio absolutamente poderosa.</h3><h1 class=\"product_title entry-title\" style=\"clear: none; padding: 0px 54px 0px 0px; margin-bottom: 10px; font-weight: 700; font-size: 26px; line-height: 24px; font-family: Roboto, Arial, Helvetica, sans-serif; color: rgb(85, 85, 85); text-transform: capitalize; letter-spacing: 0.5px;\"><div class=\"fb-product-information-tab__picture-text separator\" style=\"box-sizing: inherit; margin: 0px; padding: 2.5em 0px; border-width: 0px 0px 1px; border-top-style: initial; border-right-style: initial; border-bottom-style: solid; border-left-style: initial; border-top-color: initial; border-right-color: initial; border-bottom-color: rgb(240, 240, 240); border-left-color: initial; border-image: initial; font-variant-numeric: inherit; font-variant-east-asian: inherit; font-weight: 400; font-stretch: inherit; font-size: 16px; line-height: inherit; font-family: Lato, sans-serif; -webkit-font-smoothing: antialiased; vertical-align: baseline; -webkit-tap-highlight-color: transparent; display: flex; flex-direction: row; justify-content: space-between; align-items: center; color: rgb(0, 0, 0); letter-spacing: normal; text-transform: none;\"><div class=\"fb-product-information-tab__picture-text-second\" style=\"box-sizing: inherit; margin: 0px; padding: 0px; border: 0px; font-style: inherit; font-variant: inherit; font-weight: inherit; font-stretch: inherit; font-size: inherit; line-height: inherit; -webkit-font-smoothing: antialiased; vertical-align: baseline; -webkit-tap-highlight-color: transparent; width: 310.266px;\"><p class=\"fb-cpy-small\" style=\"box-sizing: inherit; margin-right: 0px; margin-left: 0px; padding: 0px; border: 0px; font-style: inherit; font-variant: inherit; font-stretch: inherit; font-size: 1.4rem; line-height: 2.1rem; -webkit-font-smoothing: antialiased; vertical-align: baseline; -webkit-tap-highlight-color: transparent;\">Obtén una experiencia de sonido auténtico con dos altavoces HP, audio de B&amp;O y HP Audio Boost.</p></div></div></h1><h3 class=\"fb-cpy-bold\" style=\"box-sizing: inherit; margin-bottom: 0.8em; padding: 0px; border: 0px; font-style: inherit; font-variant: inherit; font-weight: 700; font-stretch: inherit; font-size: 2.4rem; line-height: 2.4rem; font-family: Lato, sans-serif; -webkit-font-smoothing: antialiased; vertical-align: baseline; -webkit-tap-highlight-color: transparent;\">Pantalla táctil Full HD con borde delgado</h3><h1 class=\"product_title entry-title\" style=\"clear: none; padding: 0px 54px 0px 0px; margin-bottom: 10px; font-weight: 700; font-size: 26px; line-height: 24px; font-family: Roboto, Arial, Helvetica, sans-serif; color: rgb(85, 85, 85); text-transform: capitalize; letter-spacing: 0.5px;\"><div class=\"fb-product-information-tab__picture-text separator\" style=\"box-sizing: inherit; margin: 0px; padding: 2.5em 0px; border-width: 0px 0px 1px; border-top-style: initial; border-right-style: initial; border-bottom-style: solid; border-left-style: initial; border-top-color: initial; border-right-color: initial; border-bottom-color: rgb(240, 240, 240); border-left-color: initial; border-image: initial; font-variant-numeric: inherit; font-variant-east-asian: inherit; font-weight: 400; font-stretch: inherit; font-size: 16px; line-height: inherit; font-family: Lato, sans-serif; -webkit-font-smoothing: antialiased; vertical-align: baseline; -webkit-tap-highlight-color: transparent; display: flex; flex-direction: row; justify-content: space-between; align-items: center; color: rgb(0, 0, 0); letter-spacing: normal; text-transform: none;\"><div class=\"fb-product-information-tab__picture-text-first orderFix\" style=\"box-sizing: inherit; margin: 0px; padding: 0px; border: 0px; font-style: inherit; font-variant: inherit; font-weight: inherit; font-stretch: inherit; font-size: inherit; line-height: inherit; -webkit-font-smoothing: antialiased; vertical-align: baseline; -webkit-tap-highlight-color: transparent; width: 310.266px; order: 1;\"><p class=\"fb-cpy-small\" style=\"box-sizing: inherit; margin-right: 0px; margin-left: 0px; padding: 0px; border: 0px; font-style: inherit; font-variant: inherit; font-stretch: inherit; font-size: 1.4rem; line-height: 2.1rem; -webkit-font-smoothing: antialiased; vertical-align: baseline; -webkit-tap-highlight-color: transparent;\">Notebook más compacto con el borde prácticamente invisible que revoluciona tu visualización al ofrecer un panel más grande en un marco más pequeño.</p></div><div class=\"fb-product-information-tab__picture-text-second orderFix\" style=\"box-sizing: inherit; margin: 0px; padding: 0px; border: 0px; font-style: inherit; font-variant: inherit; font-weight: inherit; font-stretch: inherit; font-size: inherit; line-height: inherit; -webkit-font-smoothing: antialiased; vertical-align: baseline; -webkit-tap-highlight-color: transparent; width: 310.266px; order: 2;\"><img src=\"http://falabella.scene7.com/is/image/Falabella/7587833_img4?wid=560\" alt=\"notebook hp pavilion x360 14-dh0003la\" style=\"box-sizing: inherit; margin: 0px; padding: 0px; border: 0px; font-style: inherit; font-variant: inherit; font-weight: inherit; font-stretch: inherit; font-size: inherit; line-height: inherit; -webkit-font-smoothing: antialiased; vertical-align: baseline; -webkit-tap-highlight-color: transparent;\"></div></div><div class=\"fb-product-information-tab__banner separator\" style=\"box-sizing: inherit; margin: 0px; padding: 2.5em 0px; border-width: 0px 0px 1px; border-top-style: initial; border-right-style: initial; border-bottom-style: solid; border-left-style: initial; border-top-color: initial; border-right-color: initial; border-bottom-color: rgb(240, 240, 240); border-left-color: initial; border-image: initial; font-variant-numeric: inherit; font-variant-east-asian: inherit; font-weight: 400; font-stretch: inherit; font-size: 16px; line-height: inherit; font-family: Lato, sans-serif; -webkit-font-smoothing: antialiased; vertical-align: baseline; -webkit-tap-highlight-color: transparent; display: flex; flex-direction: column; justify-content: space-between; align-items: center; color: rgb(0, 0, 0); letter-spacing: normal; text-transform: none;\"><img src=\"http://falabella.scene7.com/is/image/Falabella/7587833_img5?wid=1160\" alt=\"notebook hp pavilion x360 14-dh0003la\" style=\"box-sizing: inherit; margin: 0px; padding: 0px; border: 0px; font-style: inherit; font-variant: inherit; font-weight: inherit; font-stretch: inherit; font-size: inherit; line-height: inherit; -webkit-font-smoothing: antialiased; vertical-align: baseline; -webkit-tap-highlight-color: transparent;\"></div></h1><h3 class=\"fb-cpy-bold\" style=\"box-sizing: inherit; margin-top: 1.5em; margin-bottom: 0.8em; padding: 0px; border: 0px; font-style: inherit; font-variant: inherit; font-weight: 700; font-stretch: inherit; font-size: 2.4rem; line-height: 2.4rem; font-family: Lato, sans-serif; -webkit-font-smoothing: antialiased; vertical-align: baseline; -webkit-tap-highlight-color: transparent;\">Lápiz inteligente incluido</h3><h1 class=\"product_title entry-title\" style=\"clear: none; padding: 0px 54px 0px 0px; margin-bottom: 10px; font-weight: 700; font-size: 26px; line-height: 24px; font-family: Roboto, Arial, Helvetica, sans-serif; color: rgb(85, 85, 85); text-transform: capitalize; letter-spacing: 0.5px;\"><div class=\"fb-product-information-tab__banner separator\" style=\"box-sizing: inherit; margin: 0px; padding: 2.5em 0px; border-width: 0px 0px 1px; border-top-style: initial; border-right-style: initial; border-bottom-style: solid; border-left-style: initial; border-top-color: initial; border-right-color: initial; border-bottom-color: rgb(240, 240, 240); border-left-color: initial; border-image: initial; font-variant-numeric: inherit; font-variant-east-asian: inherit; font-weight: 400; font-stretch: inherit; font-size: 16px; line-height: inherit; font-family: Lato, sans-serif; -webkit-font-smoothing: antialiased; vertical-align: baseline; -webkit-tap-highlight-color: transparent; display: flex; flex-direction: column; justify-content: space-between; align-items: center; color: rgb(0, 0, 0); letter-spacing: normal; text-transform: none;\"><p class=\"fb-cpy-small\" style=\"box-sizing: inherit; margin-right: 0px; margin-left: 0px; padding: 0px; border: 0px; font-style: inherit; font-variant: inherit; font-stretch: inherit; font-size: 1.4rem; line-height: 2.1rem; -webkit-font-smoothing: antialiased; vertical-align: baseline; -webkit-tap-highlight-color: transparent; text-align: center; width: 517.109px;\">Con El nuevo Notebook HP Pavilion, que gira en 360° puedes diseñar y crear notas de manera fácil y fluida con el lápiz inteligente y Windows Ink.</p></div></h1>', 'Notebook Hp Pavilion X360', '{\"1\":{\"name\":\"Procesador\",\"value\":\"Intel Core i5\"},\"2\":{\"name\":\"Modelo tarjeta de video\",\"value\":\"Intel\\u00ae UHD 620\"},\"3\":{\"name\":\"Tama\\u00f1o de la pantalla\",\"value\":\"14 pulgadas\"},\"4\":{\"name\":\"Memoria RAM\",\"value\":\"8GB\"}}', NULL, '720.00', 1, 1, NULL, NULL, NULL, '2021-07-10 19:37:21', '2021-07-10 19:45:00', NULL),
(5, 7, NULL, 'Air Max 90', 'zapatilla-air', 1, 1, 1, '60e9fa71c50891625946737.jpg', NULL, NULL, 'Air Max 90 Se Zapatilla Urbana Mujer', '{\"1\":{\"name\":\"Tipo\",\"value\":\"Zapatillas urbanas\"},\"2\":{\"name\":\"G\\u00e9nero\",\"value\":\"Mujer\"},\"3\":{\"name\":\"Horma\",\"value\":\"Normal\"},\"4\":{\"name\":\"Material\",\"value\":\"Cuero\"},\"5\":{\"name\":\"Hecho en\",\"value\":\"Vietnam\"}}', NULL, '112.99', 1, 1, 'zapatillas', 'menor en moda urbana', '[\"zapatillas\",\"moda\",\"nike\"]', '2021-07-10 19:52:17', '2021-07-10 19:58:10', NULL),
(6, 1, NULL, 'Polera Manga Corta Hombre', 'polera', 1, 1, 1, '60e9fe06943f81625947654.jpg', NULL, 'Lo mejor en poleras Adidas', 'Polera Manga Corta Hombre Worm NegraADID ORIGIWORM TEE', '{\"1\":{\"name\":\"Tipo\",\"value\":\"Poleras\"},\"2\":{\"name\":\"Tipo de cuello\",\"value\":\"Cl\\u00e1sico\"},\"3\":{\"name\":\"G\\u00e9nero\",\"value\":\"Hombre\"},\"4\":{\"name\":\"Material principal\",\"value\":\"Algod\\u00f3n\"}}', NULL, '16.00', 1, 1, NULL, NULL, '[\"adias\",\"poleras\",\"verano\"]', '2021-07-10 20:07:34', '2021-07-14 12:01:26', NULL),
(7, 1, '87654', 'Mascarilla de Tela Suave 3 Unidades M/L', 'mascarilla', 0, 1, 1, '60ea01d71cd281625948631.jpg', NULL, '<div class=\"fb-product-information-tab__picture-text separator\" style=\"box-sizing: inherit; margin: 0px; padding: 2.5em 0px; border-width: 0px 0px 1px; border-top-style: initial; border-right-style: initial; border-bottom-style: solid; border-left-style: initial; border-top-color: initial; border-right-color: initial; border-bottom-color: rgb(240, 240, 240); border-left-color: initial; border-image: initial; font-variant-numeric: inherit; font-variant-east-asian: inherit; font-stretch: inherit; line-height: inherit; font-family: Lato, sans-serif; -webkit-font-smoothing: antialiased; vertical-align: baseline; -webkit-tap-highlight-color: transparent; display: flex; flex-direction: row; justify-content: space-between; align-items: center; color: rgb(0, 0, 0);\"><div class=\"fb-product-information-tab__picture-text-first orderFix\" style=\"box-sizing: inherit; margin: 0px; padding: 0px; border: 0px; font-style: inherit; font-variant: inherit; font-weight: inherit; font-stretch: inherit; font-size: inherit; line-height: inherit; -webkit-font-smoothing: antialiased; vertical-align: baseline; -webkit-tap-highlight-color: transparent; width: 310.266px; order: 1;\"><h3 class=\"fb-cpy-bold\" style=\"box-sizing: inherit; margin-bottom: 0.8em; padding: 0px; border: 0px; font-style: inherit; font-variant: inherit; font-weight: 700; font-stretch: inherit; font-size: 2.4rem; line-height: 2.4rem; -webkit-font-smoothing: antialiased; vertical-align: baseline; -webkit-tap-highlight-color: transparent;\">¿Cómo elegir tu mascarilla?</h3><p class=\"fb-cpy-small\" style=\"box-sizing: inherit; margin-right: 0px; margin-left: 0px; padding: 0px; border: 0px; font-style: inherit; font-variant: inherit; font-stretch: inherit; font-size: 1.4rem; line-height: 2.1rem; -webkit-font-smoothing: antialiased; vertical-align: baseline; -webkit-tap-highlight-color: transparent;\">Para ayudarte a escoger la talla correcta, mide la distancia desde el puente de tu nariz hasta la parte baja del mentón. Si la distancia es de menos de 14 cm, te recomendamos comprar la talla pequeña(XS/S). Si la distancia es de 14 cm o más, te recomendamos comprar la talla grande (M/L).</p></div><div class=\"fb-product-information-tab__picture-text-second orderFix\" style=\"box-sizing: inherit; margin: 0px; padding: 0px; border: 0px; font-style: inherit; font-variant: inherit; font-weight: inherit; font-stretch: inherit; font-size: inherit; line-height: inherit; -webkit-font-smoothing: antialiased; vertical-align: baseline; -webkit-tap-highlight-color: transparent; width: 310.266px; order: 2;\"><img src=\"https://falabella.scene7.com/is/image/Falabella/mask_size?wid=560\" alt=\"mascarilla covid\" style=\"box-sizing: inherit; margin: 0px; padding: 0px; border: 0px; font-style: inherit; font-variant: inherit; font-weight: inherit; font-stretch: inherit; font-size: inherit; line-height: inherit; -webkit-font-smoothing: antialiased; vertical-align: baseline; -webkit-tap-highlight-color: transparent;\"></div></div><div class=\"fb-product-information-tab__picture-text separator\" style=\"box-sizing: inherit; margin: 0px; padding: 2.5em 0px; border-top: 0px; border-right: 0px; border-bottom: none; border-left: 0px; border-image: initial; font-variant-numeric: inherit; font-variant-east-asian: inherit; font-stretch: inherit; line-height: inherit; font-family: Lato, sans-serif; -webkit-font-smoothing: antialiased; vertical-align: baseline; -webkit-tap-highlight-color: transparent; display: flex; flex-direction: row; justify-content: space-between; align-items: center; color: rgb(0, 0, 0);\"><div class=\"fb-product-information-tab__picture-text-first\" style=\"box-sizing: inherit; margin: 0px; padding: 0px; border: 0px; font-style: inherit; font-variant: inherit; font-weight: inherit; font-stretch: inherit; font-size: inherit; line-height: inherit; -webkit-font-smoothing: antialiased; vertical-align: baseline; -webkit-tap-highlight-color: transparent; width: 310.266px;\"><img src=\"https://falabella.scene7.com/is/image/Falabella/mask_mujer?wid=560\" alt=\"mascarilla mujer\" style=\"box-sizing: inherit; margin: 0px; padding: 0px; border: 0px; font-style: inherit; font-variant: inherit; font-weight: inherit; font-stretch: inherit; font-size: inherit; line-height: inherit; -webkit-font-smoothing: antialiased; vertical-align: baseline; -webkit-tap-highlight-color: transparent;\"></div><div class=\"fb-product-information-tab__picture-text-second\" style=\"box-sizing: inherit; margin: 0px; padding: 0px; border: 0px; font-style: inherit; font-variant: inherit; font-weight: inherit; font-stretch: inherit; font-size: inherit; line-height: inherit; -webkit-font-smoothing: antialiased; vertical-align: baseline; -webkit-tap-highlight-color: transparent; width: 310.266px;\"><h3 class=\"fb-cpy-bold\" style=\"box-sizing: inherit; margin-bottom: 0.8em; padding: 0px; border: 0px; font-style: inherit; font-variant: inherit; font-weight: 700; font-stretch: inherit; font-size: 2.4rem; line-height: 2.4rem; -webkit-font-smoothing: antialiased; vertical-align: baseline; -webkit-tap-highlight-color: transparent;\">Mascarilla adidas Originals</h3><p class=\"fb-cpy-small\" style=\"box-sizing: inherit; margin-right: 0px; margin-left: 0px; padding: 0px; border: 0px; font-style: inherit; font-variant: inherit; font-stretch: inherit; font-size: 1.4rem; line-height: 2.1rem; -webkit-font-smoothing: antialiased; vertical-align: baseline; -webkit-tap-highlight-color: transparent;\">Confeccionada en tejido suave y transpirable, esta mascarilla adidas presenta un diseño cómodo, lavable y reutilizable que permite practicar hábitos saludables día tras día. Este producto no se considera una mascarilla quirúrgica ni un equipo de protección individual, pero puede ayudar a evitar la transmisión de virus y gérmenes a través de gotículas. Estas mascarillas higiénicas no se han sometido a ensayos médicos, sino que son un complemento a las medidas de distanciamiento físico e higiene recomendadas por el Ministerio de Sanidad en el contexto de la pandemia de la COVID-19, y están diseñadas para ayudar a prevenir la propagación de virus y gérmenes y ayudar a proteger a aquellos que te rodean.</p></div></div>', 'Mascarilla de Tela Suave 3 Unidades M/L', '[{\"name\":\"Tipo\",\"value\":\"Tapabocas\"},{\"name\":\"G\\u00e9nero\",\"value\":\"Unisex\"},{\"name\":\"Material\",\"value\":\"Poli\\u00e9ster\"},{\"name\":\"Composici\\u00f3n\",\"value\":\"93% Poli\\u00e9ster, 7% Elastano\"}]', NULL, '15.00', 1, 1, NULL, NULL, NULL, '2021-07-10 20:23:51', '2021-07-10 20:24:26', NULL),
(8, 3, NULL, 'Galaxy A50 64GB', 'galaxy', 1, 1, 1, '60eaf6595b6a11626011225.jpg', NULL, NULL, 'todo fino', '{\"1\":{\"name\":\"Modelo\",\"value\":\"Galaxy A50\"},\"2\":{\"name\":\"Tipo\",\"value\":\"Smartphones\"}}', NULL, '940.00', 1, 1, NULL, NULL, NULL, '2021-07-11 13:47:05', '2021-07-11 13:47:58', NULL),
(9, 7, '76546', 'Mascariilas', 'kasia', 0, 1, 1, '60ed8ff1a7df71626181617.jpg', NULL, 'rico en vitaminas&nbsp;', 'sders', NULL, NULL, '12.00', 1, 1, NULL, NULL, NULL, '2021-07-13 13:06:57', '2021-07-13 13:11:05', '2021-07-13 13:11:05'),
(10, 5, NULL, 'Mascarillas', 'Sybilla', 1, 1, 1, '60ed925852ccc1626182232.jpg', NULL, '<font style=\"vertical-align: inherit;\"><font style=\"vertical-align: inherit;\">we are all united to take care of you&nbsp;</font></font>', 'Mascarilla Marca  Sybilla', '[{\"name\":\"sadas\",\"value\":\"sdada\"}]', '{\"1\":{\"key\":\"genial\",\"value\":\"<font style=\\\"vertical-align: inherit;\\\"><font style=\\\"vertical-align: inherit;\\\"> we are united in all aspects&nbsp;<\\/font><\\/font>\"},\"2\":{\"key\":\"asd\",\"value\":\"asdas\"}}', '12.00', 1, 1, NULL, NULL, NULL, '2021-07-13 13:10:10', '2021-07-14 05:11:13', NULL),
(11, 2, '23423', 'dasdadasdasdas', 'asdasdasdasd', 0, 1, 1, '60ee7254801c41626239572.jpg', NULL, 'asdasasdasdasdasdasd', 'asdasdasdasdasdasdas', '[{\"name\":\"asdas\",\"value\":\"asdasd\"}]', '{\"1\":{\"key\":\"erwerw\",\"value\":\"werwe\"}}', '2333.00', 1, 1, NULL, NULL, NULL, '2021-07-14 05:12:52', '2021-07-14 12:00:07', '2021-07-14 12:00:07'),
(12, 5, NULL, 'Zapatillas Urbanas Hombre Puma Future Rider Twofold SD', 'urbana', 1, 1, 1, '60eed5dfb1ee81626265055.jpg', NULL, '<span style=\"color: rgb(51, 51, 51); font-family: Lato, sans-serif; font-size: 28px; letter-spacing: -0.07px;\">Zapatillas Urbanas Hombre Puma Future Rider Twofold SD</span><br>', 'Zapatillas Urbanas Hombre Puma Future Rider Twofold SD', '[{\"name\":\"Nombre comercial\",\"value\":\"Future Rider Twofold SD\"},{\"name\":\"Marca\",\"value\":\"Puma\"},{\"name\":\"Modelo\",\"value\":\"381052 02\"},{\"name\":\"Tipo\",\"value\":\"Zapatillas urbanas\"},{\"name\":\"G\\u00e9nero\",\"value\":\"Hombre\"}]', NULL, '100.00', 0, 0, NULL, NULL, NULL, '2021-07-14 12:17:36', '2021-07-14 12:17:36', NULL);

-- --------------------------------------------------------

--
-- Estructura de tabla para la tabla `products_categories`
--

CREATE TABLE `products_categories` (
  `id` bigint(20) UNSIGNED NOT NULL,
  `product_id` bigint(20) UNSIGNED NOT NULL,
  `category_id` bigint(20) UNSIGNED NOT NULL
) ENGINE=InnoDB DEFAULT CHARSET=utf8mb4 COLLATE=utf8mb4_unicode_ci;

--
-- Volcado de datos para la tabla `products_categories`
--

INSERT INTO `products_categories` (`id`, `product_id`, `category_id`) VALUES
(1, 1, 1),
(2, 2, 1),
(4, 2, 19),
(5, 3, 9),
(6, 4, 9),
(7, 5, 18),
(8, 6, 19),
(9, 7, 20),
(10, 8, 3),
(11, 6, 1),
(12, 5, 1),
(13, 9, 20),
(15, 10, 20),
(16, 11, 19),
(17, 12, 1),
(18, 12, 19),
(19, 12, 2);

-- --------------------------------------------------------

--
-- Estructura de tabla para la tabla `product_attributes`
--

CREATE TABLE `product_attributes` (
  `id` bigint(20) UNSIGNED NOT NULL,
  `name` varchar(100) COLLATE utf8mb4_unicode_ci NOT NULL,
  `name_for_user` varchar(100) COLLATE utf8mb4_unicode_ci NOT NULL,
  `type` tinyint(4) NOT NULL COMMENT '1 = text, 2 = color, 3= image',
  `status` tinyint(1) NOT NULL DEFAULT 1,
  `created_at` timestamp NULL DEFAULT NULL,
  `updated_at` timestamp NULL DEFAULT NULL
) ENGINE=InnoDB DEFAULT CHARSET=utf8mb4 COLLATE=utf8mb4_unicode_ci;

--
-- Volcado de datos para la tabla `product_attributes`
--

INSERT INTO `product_attributes` (`id`, `name`, `name_for_user`, `type`, `status`, `created_at`, `updated_at`) VALUES
(1, 'Color', 'Color', 2, 1, '2021-07-01 17:07:53', '2021-07-01 17:14:21'),
(2, 'Talla', 'Talla', 1, 1, '2021-07-01 17:08:11', '2021-07-14 12:19:14');

-- --------------------------------------------------------

--
-- Estructura de tabla para la tabla `product_images`
--

CREATE TABLE `product_images` (
  `id` bigint(20) UNSIGNED NOT NULL,
  `product_id` int(10) UNSIGNED NOT NULL,
  `assign_product_attribute_id` int(10) UNSIGNED NOT NULL,
  `image` varchar(255) COLLATE utf8mb4_unicode_ci NOT NULL,
  `created_at` timestamp NULL DEFAULT NULL,
  `updated_at` timestamp NULL DEFAULT NULL
) ENGINE=InnoDB DEFAULT CHARSET=utf8mb4 COLLATE=utf8mb4_unicode_ci;

--
-- Volcado de datos para la tabla `product_images`
--

INSERT INTO `product_images` (`id`, `product_id`, `assign_product_attribute_id`, `image`, `created_at`, `updated_at`) VALUES
(2, 1, 0, '60ddf7d767d651625159639.jpg', '2021-07-01 17:13:59', '2021-07-01 17:13:59'),
(3, 1, 0, '60ddf7d78390a1625159639.jpg', '2021-07-01 17:13:59', '2021-07-01 17:13:59'),
(5, 2, 0, '60e4a903446f11625598211.jpg', '2021-07-06 19:03:31', '2021-07-06 19:03:31'),
(6, 2, 0, '60e5b518d36a31625666840.jpg', '2021-07-07 14:07:20', '2021-07-07 14:07:20'),
(7, 3, 0, '60e9f346e9d681625944902.jpg', '2021-07-10 19:21:43', '2021-07-10 19:21:43'),
(8, 3, 0, '60e9f347075491625944903.jpg', '2021-07-10 19:21:43', '2021-07-10 19:21:43'),
(9, 3, 0, '60e9f347258fe1625944903.jpg', '2021-07-10 19:21:43', '2021-07-10 19:21:43'),
(10, 4, 0, '60e9f6f1266c91625945841.jpg', '2021-07-10 19:37:21', '2021-07-10 19:37:21'),
(11, 4, 0, '60e9f6f13e7391625945841.jpg', '2021-07-10 19:37:21', '2021-07-10 19:37:21'),
(12, 4, 0, '60e9f6f1578631625945841.jpg', '2021-07-10 19:37:21', '2021-07-10 19:37:21'),
(13, 5, 0, '60e9fa722af431625946738.jpg', '2021-07-10 19:52:18', '2021-07-10 19:52:18'),
(14, 5, 0, '60e9fa72414401625946738.jpg', '2021-07-10 19:52:18', '2021-07-10 19:52:18'),
(15, 5, 0, '60e9fa7254dcb1625946738.jpg', '2021-07-10 19:52:18', '2021-07-10 19:52:18'),
(16, 6, 0, '60e9fe06b01651625947654.jpg', '2021-07-10 20:07:34', '2021-07-10 20:07:34'),
(17, 6, 0, '60e9fe06daf8d1625947654.jpg', '2021-07-10 20:07:34', '2021-07-10 20:07:34'),
(18, 6, 0, '60e9fe06f3d5e1625947654.jpg', '2021-07-10 20:07:35', '2021-07-10 20:07:35'),
(19, 7, 0, '60ea01d733d2b1625948631.jpg', '2021-07-10 20:23:51', '2021-07-10 20:23:51'),
(20, 7, 0, '60ea01d74bc171625948631.jpg', '2021-07-10 20:23:51', '2021-07-10 20:23:51'),
(21, 7, 0, '60ea01d76623f1625948631.jpg', '2021-07-10 20:23:51', '2021-07-10 20:23:51'),
(22, 8, 0, '60eaf6599dd711626011225.jpg', '2021-07-11 13:47:05', '2021-07-11 13:47:05'),
(23, 8, 0, '60eaf659b08a21626011225.jpg', '2021-07-11 13:47:05', '2021-07-11 13:47:05'),
(24, 8, 0, '60eaf659d0f0d1626011225.jpg', '2021-07-11 13:47:05', '2021-07-11 13:47:05'),
(25, 9, 0, '60ed8ff1bb3a81626181617.jpg', '2021-07-13 13:06:57', '2021-07-13 13:06:57'),
(27, 10, 0, '60ed9258c23581626182232.jpg', '2021-07-13 13:17:13', '2021-07-13 13:17:13'),
(28, 10, 0, '60ed92593d90d1626182233.jpg', '2021-07-13 13:17:13', '2021-07-13 13:17:13'),
(29, 10, 0, '60ed925997c971626182233.jpg', '2021-07-13 13:17:13', '2021-07-13 13:17:13'),
(30, 11, 0, '60ee7254d01ba1626239572.jpg', '2021-07-14 05:12:53', '2021-07-14 05:12:53'),
(31, 12, 0, '60eed5e01796e1626265056.jpg', '2021-07-14 12:17:36', '2021-07-14 12:17:36'),
(32, 12, 0, '60eed5e067bc81626265056.jpg', '2021-07-14 12:17:36', '2021-07-14 12:17:36'),
(33, 12, 0, '60eed5e0b89031626265056.jpg', '2021-07-14 12:17:37', '2021-07-14 12:17:37');

-- --------------------------------------------------------

--
-- Estructura de tabla para la tabla `product_reviews`
--

CREATE TABLE `product_reviews` (
  `id` bigint(20) UNSIGNED NOT NULL,
  `user_id` int(10) UNSIGNED NOT NULL,
  `product_id` int(10) UNSIGNED NOT NULL,
  `review` text COLLATE utf8mb4_unicode_ci NOT NULL,
  `rating` double(8,2) NOT NULL,
  `created_at` timestamp NULL DEFAULT NULL,
  `updated_at` timestamp NULL DEFAULT NULL,
  `deleted_at` timestamp NULL DEFAULT NULL
) ENGINE=InnoDB DEFAULT CHARSET=utf8mb4 COLLATE=utf8mb4_unicode_ci;

--
-- Volcado de datos para la tabla `product_reviews`
--

INSERT INTO `product_reviews` (`id`, `user_id`, `product_id`, `review`, `rating`, `created_at`, `updated_at`, `deleted_at`) VALUES
(1, 1, 10, 'El mejor producto que eh comprado.\r\nMuy rápido la entrega', 5.00, '2021-08-03 23:00:50', '2021-08-03 23:00:50', NULL),
(2, 6, 4, 'El mejor regalo que recibí.', 5.00, '2021-08-03 23:28:42', '2021-08-03 23:28:42', NULL),
(3, 5, 8, 'BUENA ENTREGA', 4.00, '2021-08-05 14:43:25', '2021-08-05 14:43:25', NULL);

-- --------------------------------------------------------

--
-- Estructura de tabla para la tabla `product_stocks`
--

CREATE TABLE `product_stocks` (
  `id` bigint(20) UNSIGNED NOT NULL,
  `product_id` int(10) UNSIGNED NOT NULL,
  `attributes` longtext CHARACTER SET utf8mb4 COLLATE utf8mb4_bin DEFAULT NULL CHECK (json_valid(`attributes`)),
  `sku` varchar(100) COLLATE utf8mb4_unicode_ci NOT NULL,
  `quantity` int(10) UNSIGNED NOT NULL,
  `created_at` timestamp NULL DEFAULT NULL,
  `updated_at` timestamp NULL DEFAULT NULL
) ENGINE=InnoDB DEFAULT CHARSET=utf8mb4 COLLATE=utf8mb4_unicode_ci;

--
-- Volcado de datos para la tabla `product_stocks`
--

INSERT INTO `product_stocks` (`id`, `product_id`, `attributes`, `sku`, `quantity`, `created_at`, `updated_at`) VALUES
(4, 1, '[\"1\",\"4\"]', '98776', 43, '2021-07-01 21:36:50', '2021-07-10 19:45:00'),
(5, 2, NULL, 'PRO02', 16, '2021-07-06 19:03:50', '2021-07-09 13:11:45'),
(6, 1, '[\"1\",\"5\"]', 'PRO03', 10, '2021-07-07 19:47:54', '2021-07-07 19:47:54'),
(7, 1, '[\"2\",\"4\"]', 'PRO04', 15, '2021-07-07 19:48:10', '2021-07-07 19:48:10'),
(8, 1, '[\"2\",\"5\"]', 'PRO05', 10, '2021-07-07 19:48:22', '2021-07-07 19:48:22'),
(9, 1, '[\"3\",\"4\"]', '76546', 10, '2021-07-07 19:48:32', '2021-07-13 13:08:25'),
(10, 1, '[\"3\",\"5\"]', 'PRO07', 50, '2021-07-07 19:48:48', '2021-07-07 19:48:48'),
(11, 4, NULL, '00023', 10, '2021-07-10 19:39:32', '2021-11-06 17:04:26'),
(12, 5, '[\"6\"]', '23456', 8, '2021-07-10 19:55:07', '2021-10-28 05:40:52'),
(13, 5, '[\"7\"]', '56776', 14, '2021-07-10 19:55:18', '2021-07-10 19:55:18'),
(14, 5, '[\"8\"]', '634542', 20, '2021-07-10 19:55:27', '2021-07-10 19:55:27'),
(15, 6, '[\"9\",\"12\"]', '2342', 7, '2021-07-10 20:10:51', '2021-08-21 14:29:22'),
(16, 6, '[\"9\",\"13\"]', '2344', 12, '2021-07-10 20:11:02', '2021-07-26 18:16:36'),
(17, 6, '[\"9\",\"14\"]', '565e', 54, '2021-07-10 20:11:15', '2021-07-10 20:11:15'),
(18, 6, '[\"10\",\"12\"]', '7548', 10, '2021-07-10 20:11:24', '2021-10-11 23:33:00'),
(19, 6, '[\"10\",\"13\"]', '7645', 35, '2021-07-10 20:11:34', '2021-10-28 03:00:53'),
(20, 6, '[\"10\",\"14\"]', '5235', 20, '2021-07-10 20:11:45', '2021-07-10 20:11:45'),
(21, 6, '[\"11\",\"12\"]', '67543', 39, '2021-07-10 20:11:54', '2021-07-26 18:40:29'),
(22, 6, '[\"11\",\"13\"]', '5635', 20, '2021-07-10 20:12:04', '2021-07-10 20:12:04'),
(23, 6, '[\"11\",\"14\"]', '52356', 40, '2021-07-10 20:12:15', '2021-07-10 20:12:15'),
(24, 7, NULL, '87654', 97, '2021-07-10 20:24:04', '2021-11-06 17:04:26'),
(25, 8, '[\"15\"]', '03923', 0, '2021-07-11 14:30:56', '2021-09-21 20:02:27'),
(26, 10, '[\"16\"]', '6784D', 85, '2021-07-13 13:11:48', '2021-10-28 02:18:57'),
(27, 12, '[\"17\"]', 'x35f5', 19, '2021-07-14 12:21:23', '2021-11-06 17:04:26'),
(28, 12, '[\"20\"]', 'dfh47', 30, '2021-07-14 12:21:34', '2021-07-14 12:21:34'),
(29, 12, '[\"19\"]', '83454H', 18, '2021-07-14 12:21:45', '2021-09-24 01:47:28'),
(30, 12, '[\"18\"]', 'G45J', 10, '2021-07-14 12:21:57', '2021-07-14 12:21:57');

-- --------------------------------------------------------

--
-- Estructura de tabla para la tabla `shipping_methods`
--

CREATE TABLE `shipping_methods` (
  `id` bigint(20) UNSIGNED NOT NULL,
  `name` varchar(191) COLLATE utf8mb4_unicode_ci NOT NULL,
  `description` text COLLATE utf8mb4_unicode_ci DEFAULT NULL,
  `charge` decimal(8,2) NOT NULL DEFAULT 0.00,
  `shipping_time` tinyint(4) NOT NULL COMMENT 'in days',
  `status` tinyint(1) NOT NULL DEFAULT 1,
  `created_at` timestamp NULL DEFAULT NULL,
  `updated_at` timestamp NULL DEFAULT NULL
) ENGINE=InnoDB DEFAULT CHARSET=utf8mb4 COLLATE=utf8mb4_unicode_ci;

--
-- Volcado de datos para la tabla `shipping_methods`
--

INSERT INTO `shipping_methods` (`id`, `name`, `description`, `charge`, `shipping_time`, `status`, `created_at`, `updated_at`) VALUES
(1, 'Envio Xpress', '<div style=\"text-align: center;\"><b style=\"font-size: 1rem;\"><font color=\"#ff0000\">Envió rápido en 1<span style=\"font-size: 1rem;\">&nbsp;<font color=\"#ff0000\">días</font>&nbsp;</span></font></b></div>', '10.00', 1, 1, '2021-07-01 19:12:39', '2021-10-11 23:37:39'),
(2, 'Envió gratis', '<div style=\"text-align: center;\"><b style=\"font-size: 1rem;\">Entrega en 4 días&nbsp;</b></div>', '0.00', 4, 1, '2021-10-11 23:34:51', '2021-10-11 23:36:44');

-- --------------------------------------------------------

--
-- Estructura de tabla para la tabla `stock_logs`
--

CREATE TABLE `stock_logs` (
  `id` bigint(20) UNSIGNED NOT NULL,
  `stock_id` int(10) UNSIGNED NOT NULL,
  `quantity` int(11) NOT NULL,
  `type` tinyint(4) NOT NULL COMMENT '1= Updated by admin, 2= Sell',
  `created_at` timestamp NULL DEFAULT NULL,
  `updated_at` timestamp NULL DEFAULT NULL
) ENGINE=InnoDB DEFAULT CHARSET=utf8mb4 COLLATE=utf8mb4_unicode_ci;

--
-- Volcado de datos para la tabla `stock_logs`
--

INSERT INTO `stock_logs` (`id`, `stock_id`, `quantity`, `type`, `created_at`, `updated_at`) VALUES
(1, 1, 10, 1, '2021-07-01 17:12:26', '2021-07-01 17:12:26'),
(2, 2, 10, 1, '2021-07-01 17:12:37', '2021-07-01 17:12:37'),
(3, 3, 10, 1, '2021-07-01 17:12:47', '2021-07-01 17:12:47'),
(4, 2, 1, 2, '2021-07-01 19:12:56', '2021-07-01 19:12:56'),
(5, 2, 1, 2, '2021-07-01 19:12:56', '2021-07-01 19:12:56'),
(6, 2, 1, 2, '2021-07-01 19:15:48', '2021-07-01 19:15:48'),
(7, 2, 1, 2, '2021-07-01 19:15:48', '2021-07-01 19:15:48'),
(8, 2, 1, 2, '2021-07-01 19:19:01', '2021-07-01 19:19:01'),
(9, 2, 1, 2, '2021-07-01 19:19:01', '2021-07-01 19:19:01'),
(10, 2, 1, 2, '2021-07-01 19:20:14', '2021-07-01 19:20:14'),
(11, 2, 1, 2, '2021-07-01 19:20:14', '2021-07-01 19:20:14'),
(12, 2, 1, 2, '2021-07-01 21:04:55', '2021-07-01 21:04:55'),
(13, 2, 1, 2, '2021-07-01 21:04:55', '2021-07-01 21:04:55'),
(14, 4, 50, 1, '2021-07-01 21:36:50', '2021-07-01 21:36:50'),
(15, 5, 20, 1, '2021-07-06 19:03:50', '2021-07-06 19:03:50'),
(16, 6, 10, 1, '2021-07-07 19:47:54', '2021-07-07 19:47:54'),
(17, 7, 15, 1, '2021-07-07 19:48:10', '2021-07-07 19:48:10'),
(18, 8, 10, 1, '2021-07-07 19:48:22', '2021-07-07 19:48:22'),
(19, 9, 10, 1, '2021-07-07 19:48:32', '2021-07-07 19:48:32'),
(20, 10, 50, 1, '2021-07-07 19:48:48', '2021-07-07 19:48:48'),
(21, 4, 1, 2, '2021-07-07 19:50:21', '2021-07-07 19:50:21'),
(22, 4, 1, 2, '2021-07-07 20:25:48', '2021-07-07 20:25:48'),
(23, 4, 1, 2, '2021-07-07 20:31:08', '2021-07-07 20:31:08'),
(24, 4, 1, 2, '2021-07-09 02:22:47', '2021-07-09 02:22:47'),
(25, 4, 1, 2, '2021-07-09 12:57:01', '2021-07-09 12:57:01'),
(26, 5, 1, 2, '2021-07-09 12:57:01', '2021-07-09 12:57:01'),
(27, 4, 1, 2, '2021-07-09 12:57:27', '2021-07-09 12:57:27'),
(28, 5, 1, 2, '2021-07-09 12:57:27', '2021-07-09 12:57:27'),
(29, 4, 1, 2, '2021-07-09 13:05:09', '2021-07-09 13:05:09'),
(30, 5, 1, 2, '2021-07-09 13:05:09', '2021-07-09 13:05:09'),
(31, 5, 1, 2, '2021-07-09 13:11:45', '2021-07-09 13:11:45'),
(32, 11, 15, 1, '2021-07-10 19:39:32', '2021-07-10 19:39:32'),
(33, 12, 12, 1, '2021-07-10 19:55:07', '2021-07-10 19:55:07'),
(34, 13, 14, 1, '2021-07-10 19:55:18', '2021-07-10 19:55:18'),
(35, 14, 20, 1, '2021-07-10 19:55:27', '2021-07-10 19:55:27'),
(36, 15, 12, 1, '2021-07-10 20:10:51', '2021-07-10 20:10:51'),
(37, 16, 13, 1, '2021-07-10 20:11:02', '2021-07-10 20:11:02'),
(38, 17, 54, 1, '2021-07-10 20:11:15', '2021-07-10 20:11:15'),
(39, 18, 14, 1, '2021-07-10 20:11:24', '2021-07-10 20:11:24'),
(40, 19, 45, 1, '2021-07-10 20:11:34', '2021-07-10 20:11:34'),
(41, 20, 20, 1, '2021-07-10 20:11:45', '2021-07-10 20:11:45'),
(42, 21, 40, 1, '2021-07-10 20:11:54', '2021-07-10 20:11:54'),
(43, 22, 20, 1, '2021-07-10 20:12:04', '2021-07-10 20:12:04'),
(44, 23, 40, 1, '2021-07-10 20:12:15', '2021-07-10 20:12:15'),
(45, 24, 100, 1, '2021-07-10 20:24:04', '2021-07-10 20:24:04'),
(46, 25, 20, 1, '2021-07-11 14:30:56', '2021-07-11 14:30:56'),
(47, 18, 1, 2, '2021-07-12 05:22:27', '2021-07-12 05:22:27'),
(48, 12, 1, 2, '2021-07-12 12:11:43', '2021-07-12 12:11:43'),
(49, 12, 1, 2, '2021-07-12 12:12:06', '2021-07-12 12:12:06'),
(50, 26, 100, 1, '2021-07-13 13:11:48', '2021-07-13 13:11:48'),
(51, 26, 1, 2, '2021-07-13 13:29:17', '2021-07-13 13:29:17'),
(52, 26, 1, 2, '2021-07-13 13:29:35', '2021-07-13 13:29:35'),
(53, 27, 20, 1, '2021-07-14 12:21:23', '2021-07-14 12:21:23'),
(54, 28, 30, 1, '2021-07-14 12:21:34', '2021-07-14 12:21:34'),
(55, 29, 20, 1, '2021-07-14 12:21:45', '2021-07-14 12:21:45'),
(56, 30, 10, 1, '2021-07-14 12:21:57', '2021-07-14 12:21:57'),
(57, 15, 1, 2, '2021-07-14 12:26:58', '2021-07-14 12:26:58'),
(58, 15, 1, 2, '2021-07-26 14:23:06', '2021-07-26 14:23:06'),
(59, 15, 1, 2, '2021-07-26 14:35:25', '2021-07-26 14:35:25'),
(60, 15, 1, 2, '2021-07-26 18:12:54', '2021-07-26 18:12:54'),
(61, 25, 1, 2, '2021-07-26 18:12:54', '2021-07-26 18:12:54'),
(62, 16, 1, 2, '2021-07-26 18:16:36', '2021-07-26 18:16:36'),
(63, 21, 1, 2, '2021-07-26 18:40:29', '2021-07-26 18:40:29'),
(64, 11, 1, 2, '2021-07-30 20:27:06', '2021-07-30 20:27:06'),
(65, 25, 1, 2, '2021-08-02 15:31:50', '2021-08-02 15:31:50'),
(66, 19, 3, 2, '2021-08-02 15:44:20', '2021-08-02 15:44:20'),
(67, 29, 1, 2, '2021-08-02 15:44:20', '2021-08-02 15:44:20'),
(68, 26, 5, 2, '2021-08-02 15:44:20', '2021-08-02 15:44:20'),
(69, 24, 1, 2, '2021-08-02 15:44:20', '2021-08-02 15:44:20'),
(70, 25, 2, 2, '2021-08-02 15:44:20', '2021-08-02 15:44:20'),
(71, 25, 1, 2, '2021-08-02 15:46:29', '2021-08-02 15:46:29'),
(72, 25, 1, 2, '2021-08-02 15:50:09', '2021-08-02 15:50:09'),
(73, 25, 10, 2, '2021-08-02 18:00:50', '2021-08-02 18:00:50'),
(74, 11, 1, 2, '2021-08-02 18:00:50', '2021-08-02 18:00:50'),
(75, 15, 1, 2, '2021-08-21 14:29:22', '2021-08-21 14:29:22'),
(76, 26, 1, 2, '2021-08-21 21:39:57', '2021-08-21 21:39:57'),
(77, 26, 1, 2, '2021-08-21 21:41:09', '2021-08-21 21:41:09'),
(78, 25, 1, 2, '2021-08-25 15:16:33', '2021-08-25 15:16:33'),
(79, 11, 1, 2, '2021-08-25 15:16:33', '2021-08-25 15:16:33'),
(80, 25, 1, 2, '2021-08-27 04:36:33', '2021-08-27 04:36:33'),
(81, 25, 1, 2, '2021-08-27 04:36:34', '2021-08-27 04:36:34'),
(82, 25, 1, 2, '2021-09-08 15:21:33', '2021-09-08 15:21:33'),
(83, 25, 1, 2, '2021-09-08 15:22:07', '2021-09-08 15:22:07'),
(84, 19, 1, 2, '2021-09-08 16:58:08', '2021-09-08 16:58:08'),
(85, 19, 1, 2, '2021-09-08 16:58:46', '2021-09-08 16:58:46'),
(86, 24, 1, 2, '2021-09-21 20:02:27', '2021-09-21 20:02:27'),
(87, 25, 1, 2, '2021-09-21 20:02:27', '2021-09-21 20:02:27'),
(88, 26, 1, 2, '2021-09-21 20:02:27', '2021-09-21 20:02:27'),
(89, 26, 1, 2, '2021-09-21 20:06:09', '2021-09-21 20:06:09'),
(90, 26, 1, 2, '2021-09-21 20:07:01', '2021-09-21 20:07:01'),
(91, 19, 2, 2, '2021-09-22 07:49:43', '2021-09-22 07:49:43'),
(92, 19, 2, 2, '2021-09-22 07:50:37', '2021-09-22 07:50:37'),
(93, 18, 1, 2, '2021-09-23 13:14:33', '2021-09-23 13:14:33'),
(94, 12, 1, 2, '2021-09-24 01:47:28', '2021-09-24 01:47:28'),
(95, 29, 1, 2, '2021-09-24 01:47:28', '2021-09-24 01:47:28'),
(96, 26, 1, 2, '2021-09-24 12:12:16', '2021-09-24 12:12:16'),
(97, 18, 1, 2, '2021-10-11 23:31:00', '2021-10-11 23:31:00'),
(98, 18, 1, 2, '2021-10-11 23:33:00', '2021-10-11 23:33:00'),
(99, 11, 1, 2, '2021-10-28 02:18:57', '2021-10-28 02:18:57'),
(100, 26, 2, 2, '2021-10-28 02:18:57', '2021-10-28 02:18:57'),
(101, 19, 1, 2, '2021-10-28 03:00:53', '2021-10-28 03:00:53'),
(102, 12, 1, 2, '2021-10-28 05:40:52', '2021-10-28 05:40:52'),
(103, 11, 1, 2, '2021-11-06 17:04:26', '2021-11-06 17:04:26'),
(104, 27, 1, 2, '2021-11-06 17:04:26', '2021-11-06 17:04:26'),
(105, 24, 1, 2, '2021-11-06 17:04:26', '2021-11-06 17:04:26');

-- --------------------------------------------------------

--
-- Estructura de tabla para la tabla `subscribers`
--

CREATE TABLE `subscribers` (
  `id` int(10) UNSIGNED NOT NULL,
  `email` varchar(191) COLLATE utf8mb4_unicode_ci NOT NULL,
  `created_at` timestamp NULL DEFAULT NULL,
  `updated_at` timestamp NULL DEFAULT NULL
) ENGINE=InnoDB DEFAULT CHARSET=utf8mb4 COLLATE=utf8mb4_unicode_ci;

--
-- Volcado de datos para la tabla `subscribers`
--

INSERT INTO `subscribers` (`id`, `email`, `created_at`, `updated_at`) VALUES
(1, 'admin@saasmonks.com', '2021-10-31 03:00:09', '2021-10-31 03:00:09');

-- --------------------------------------------------------

--
-- Estructura de tabla para la tabla `support_attachments`
--

CREATE TABLE `support_attachments` (
  `id` bigint(20) UNSIGNED NOT NULL,
  `support_message_id` int(11) NOT NULL,
  `image` varchar(255) COLLATE utf8mb4_unicode_ci NOT NULL,
  `created_at` timestamp NULL DEFAULT NULL,
  `updated_at` timestamp NULL DEFAULT NULL
) ENGINE=InnoDB DEFAULT CHARSET=utf8mb4 COLLATE=utf8mb4_unicode_ci;

-- --------------------------------------------------------

--
-- Estructura de tabla para la tabla `support_messages`
--

CREATE TABLE `support_messages` (
  `id` int(10) UNSIGNED NOT NULL,
  `supportticket_id` varchar(191) COLLATE utf8mb4_unicode_ci NOT NULL,
  `admin_id` int(11) NOT NULL DEFAULT 0,
  `message` longtext COLLATE utf8mb4_unicode_ci NOT NULL,
  `created_at` timestamp NULL DEFAULT NULL,
  `updated_at` timestamp NULL DEFAULT NULL
) ENGINE=InnoDB DEFAULT CHARSET=utf8mb4 COLLATE=utf8mb4_unicode_ci;

--
-- Volcado de datos para la tabla `support_messages`
--

INSERT INTO `support_messages` (`id`, `supportticket_id`, `admin_id`, `message`, `created_at`, `updated_at`) VALUES
(1, '1', 0, '2021 New Telescope Provide You The Clearest Visual Experience\r\n\r\nOur Super Zoom Telescope would allow you to do this anywhere with no problem! The unbeatable design lets you carry the telescope anywhere taking up no room at all.\r\n\r\nSave 50% OFF with Free Worldwide Shipping.  SHOP NOW today: https://telescope.fun\r\n\r\nBest, \r\n\r\nMaritza\r\nOwenSyx - 404 | page not found', '2021-07-02 09:45:55', '2021-07-02 09:45:55'),
(2, '2', 0, 'Hola Mundo Este es un ejemplo', '2021-07-09 01:53:03', '2021-07-09 01:53:03'),
(3, '3', 0, 'Hola Mundo Este es un ejemplo', '2021-07-09 01:53:18', '2021-07-09 01:53:18'),
(4, '3', 1, 'Ok todo estará bien', '2021-07-26 19:29:16', '2021-07-26 19:29:16'),
(5, '4', 0, 'Good day \r\n \r\n \r\n \r\nI`m seeking a reputable company/individual to partner with in a manner that would benefit both parties. The project is worth $24 Million so \r\nIf interested, kindly contact me through this email donaldcole@donaldocole.com for clarification. \r\n \r\n \r\nI await your response. \r\n \r\n \r\nThanks, \r\n \r\n \r\nDonald Cole', '2021-08-22 20:33:13', '2021-08-22 20:33:13'),
(6, '5', 0, 'Hello \r\n \r\nWe will improve your Local Ranks organically and safely, using only whitehat methods, while providing Google maps and website offsite work at the same time. \r\n \r\nPlease check our plans here, we offer Local SEO at cheap rates. \r\nhttps://speed-seo.net/product/local-seo-package/ \r\n \r\nNEW: \r\nhttps://www.speed-seo.net/product/zip-codes-gmaps-citations/ \r\n \r\nregards \r\nMike Chapman\r\n \r\nSpeed SEO Digital Agency', '2021-08-28 00:53:10', '2021-08-28 00:53:10'),
(7, '6', 0, 'Greetings \r\n \r\nI have just took an in depth look on your  owensyx.com for  the current search visibility and saw that your website could use a push. \r\n \r\nWe will improve your SEO metrics and ranks organically and safely, using only whitehat methods, while providing monthly reports and outstanding support. \r\n \r\nPlease check our services below, we offer SEO at cheap rates. \r\nhttps://www.hilkom-digital.de/cheap-seo-packages/ \r\n \r\nStart enhancing your sales and leads with us, today! \r\n \r\nregards \r\nMike WifKinson\r\n \r\nHilkom Digital Team \r\nsupport@hilkom-digital.de', '2021-09-04 07:21:24', '2021-09-04 07:21:24'),
(8, '7', 0, 'RE: Story of Successful Passive Income Strategies. Way To Earn $10000 Per Month In Passive Income \r\nFwd: $ 10,000 success story per week. How to invest $1000 to generate passive income \r\nFwd: MAKE $200,000 IN PASSIVE INCOME! TRUE STORY. How to make $10000 a Month Passive Income \r\nFwd: My success story. How to generate $10000 a month in passive income \r\nFwd: A Passive Income Success Story. Earn $10000 Passive Income Per Month in 2020 \r\nFwd: MAKE $200,000 IN PASSIVE INCOME! TRUE STORY. How to Make Passive Income With Only $1000 \r\nFwd: $ 10,000 success story. How I make $10000 per month through Passive Income \r\nFwd: $ 10,000 success story per week. Generate $10000 in Monthly Passive Income \r\nFwd: Story of Successful Passive Income Strategies. Strategy to Earn $10000 Per Month In Passive Income \r\nRE: Story of Successful Passive Income Strategies. Passive Income Idea 2020: $10000/month \r\nRE: Story of Successful Passive Income Strategies. Passive Income: How I Make $10,000 Per Month \r\nFwd: $ 10,000 success story per week. How to Get $10000/Mo Passive Income \r\nFwd: A Passive Income Success Story. Make money online - $10000+ Passive Income \r\nRE: Story of Successful Passive Income Strategies. The $10000 per Month Guide to Passive Income \r\nFwd: A Passive Income Success Story. How To Make $10000 A Month In Passive Income \r\nFwd: Passive Income My Success Story in 1 Month. Passive Income: Way To Make $10000 Per Month From Home \r\nRE: Success Stories - Smart Passive Income. Way to earn passive income $10000 Per Month \r\nFwd: A Passive Income Success Story. Road to $10000 per Month of Passive Income \r\nFwd: Passive Income My Success Story in 1 Month. How To Make $10000 Per Month From Home: Passive Income. \r\nowensyx.com, bndjcsfwhejvdkmcndhbsjcsdifefedjgf', '2021-09-07 20:10:25', '2021-09-07 20:10:25'),
(9, '8', 0, 'Good day, \r\n\r\nMy name is Eric and unlike a lot of emails you might get, I wanted to instead provide you with a word of encouragement – Congratulations\r\n\r\nWhat for?  \r\n\r\nPart of my job is to check out websites and the work you’ve done with owensyx.com definitely stands out. \r\n\r\nIt’s clear you took building a website seriously and made a real investment of time and resources into making it top quality.\r\n\r\nThere is, however, a catch… more accurately, a question…\r\n\r\nSo when someone like me happens to find your site – maybe at the top of the search results (nice job BTW) or just through a random link, how do you know? \r\n\r\nMore importantly, how do you make a connection with that person?\r\n\r\nStudies show that 7 out of 10 visitors don’t stick around – they’re there one second and then gone with the wind.\r\n\r\nHere’s a way to create INSTANT engagement that you may not have known about… \r\n\r\nTalk With Web Visitor is a software widget that’s works on your site, ready to capture any visitor’s Name, Email address and Phone Number.  It lets you know INSTANTLY that they’re interested – so that you can talk to that lead while they’re literally checking out owensyx.com.\r\n\r\nCLICK HERE https://talkwithwebvisitors.com to try out a Live Demo with Talk With Web Visitor now to see exactly how it works.\r\n\r\nIt could be a game-changer for your business – and it gets even better… once you’ve captured their phone number, with our new SMS Text With Lead feature, you can automatically start a text (SMS) conversation – immediately (and there’s literally a 100X difference between contacting someone within 5 minutes versus 30 minutes.)\r\n\r\nPlus then, even if you don’t close a deal right away, you can connect later on with text messages for new offers, content links, even just follow up notes to build a relationship.\r\n\r\nEverything I’ve just described is simple, easy, and effective. \r\n\r\nCLICK HERE https://talkwithwebvisitors.com to discover what Talk With Web Visitor can do for your business.\r\n\r\nYou could be converting up to 100X more leads today!\r\n\r\nEric\r\nPS: Talk With Web Visitor offers a FREE 14 days trial – and it even includes International Long Distance Calling. \r\nYou have customers waiting to talk with you right now… don’t keep them waiting. \r\nCLICK HERE https://talkwithwebvisitors.com to try Talk With Web Visitor now.\r\n\r\nIf you\'d like to unsubscribe click here http://talkwithwebvisitors.com/unsubscribe.aspx?d=owensyx.com', '2021-09-16 08:09:56', '2021-09-16 08:09:56'),
(10, '9', 0, 'Hello \r\n \r\nWe all know the importance that dofollow link have on any website`s ranks. \r\nHaving most of your linkbase filled with nofollow ones is of no good for your ranks and SEO metrics. \r\n \r\nBuy quality dofollow links from us, that will impact your ranks in a positive way \r\nhttps://www.digital-x-press.com/product/150-dofollow-backlinks/ \r\n \r\nBest regards \r\nMike Alsopp\r\n \r\nsupport@digital-x-press.com', '2021-09-17 03:11:19', '2021-09-17 03:11:19'),
(11, '10', 0, 'Good day \r\n \r\nI`m seeking a reputable company/individual to partner with in a \r\nmanner that would benefit both parties. The project is worth \r\n$24 Million so If interested, kindly contact me through this \r\nemail coledd11@clocdcolela.com for clarification. \r\n \r\nI await your response. \r\n \r\nThanks, \r\n \r\nDonald Cole', '2021-09-22 13:11:20', '2021-09-22 13:11:20'),
(12, '11', 0, 'Greetings \r\n \r\nWe will increase your Local Ranks organically and safely, using only whitehat methods, while providing Google maps and website offsite work at the same time. \r\n \r\nPlease check our pricelist here, we offer Local SEO at cheap rates. \r\nhttps://speed-seo.net/product/local-seo-package/ \r\n \r\nNEW: \r\nhttps://www.speed-seo.net/product/zip-codes-gmaps-citations/ \r\n \r\nregards \r\nMike Evans\r\n \r\nSpeed SEO Digital Agency', '2021-09-24 14:20:53', '2021-09-24 14:20:53'),
(13, '12', 0, 'Explore government-backed grants and funding programs for your business! APPLY NOW - https://rebrand.ly/USAGOV-SmallBusiness-Grants', '2021-09-28 13:22:24', '2021-09-28 13:22:24'),
(14, '13', 0, 'Good day, \r\n\r\nMy name is Eric and unlike a lot of emails you might get, I wanted to instead provide you with a word of encouragement – Congratulations\r\n\r\nWhat for?  \r\n\r\nPart of my job is to check out websites and the work you’ve done with owensyx.com definitely stands out. \r\n\r\nIt’s clear you took building a website seriously and made a real investment of time and resources into making it top quality.\r\n\r\nThere is, however, a catch… more accurately, a question…\r\n\r\nSo when someone like me happens to find your site – maybe at the top of the search results (nice job BTW) or just through a random link, how do you know? \r\n\r\nMore importantly, how do you make a connection with that person?\r\n\r\nStudies show that 7 out of 10 visitors don’t stick around – they’re there one second and then gone with the wind.\r\n\r\nHere’s a way to create INSTANT engagement that you may not have known about… \r\n\r\nTalk With Web Visitor is a software widget that’s works on your site, ready to capture any visitor’s Name, Email address and Phone Number.  It lets you know INSTANTLY that they’re interested – so that you can talk to that lead while they’re literally checking out owensyx.com.\r\n\r\nCLICK HERE https://talkwithwebvisitors.com to try out a Live Demo with Talk With Web Visitor now to see exactly how it works.\r\n\r\nIt could be a game-changer for your business – and it gets even better… once you’ve captured their phone number, with our new SMS Text With Lead feature, you can automatically start a text (SMS) conversation – immediately (and there’s literally a 100X difference between contacting someone within 5 minutes versus 30 minutes.)\r\n\r\nPlus then, even if you don’t close a deal right away, you can connect later on with text messages for new offers, content links, even just follow up notes to build a relationship.\r\n\r\nEverything I’ve just described is simple, easy, and effective. \r\n\r\nCLICK HERE https://talkwithwebvisitors.com to discover what Talk With Web Visitor can do for your business.\r\n\r\nYou could be converting up to 100X more leads today!\r\n\r\nEric\r\nPS: Talk With Web Visitor offers a FREE 14 days trial – and it even includes International Long Distance Calling. \r\nYou have customers waiting to talk with you right now… don’t keep them waiting. \r\nCLICK HERE https://talkwithwebvisitors.com to try Talk With Web Visitor now.\r\n\r\nIf you\'d like to unsubscribe click here http://talkwithwebvisitors.com/unsubscribe.aspx?d=owensyx.com', '2021-09-29 10:59:30', '2021-09-29 10:59:30'),
(15, '14', 0, 'Hi there \r\n \r\nI have just checked  owensyx.com for the ranking keywords and saw that your website could use an upgrade. \r\n \r\nWe will enhance your SEO metrics and ranks organically and safely, using only whitehat methods, while providing monthly reports and outstanding support. \r\n \r\nPlease check our services below, we offer SEO at cheap rates. \r\nhttps://www.hilkom-digital.de/cheap-seo-packages/ \r\n \r\nStart increasing your sales and leads with us, today! \r\n \r\nregards \r\nMike Raleigh\r\n \r\nHilkom Digital Team \r\nsupport@hilkom-digital.de', '2021-10-02 00:21:38', '2021-10-02 00:21:38'),
(16, '15', 0, 'Good day \r\n \r\nI contacted you some days back seeking your cooperation in a matter regarding funds worth $24 Million, I urge you to  get back to me through this email coledd11@cloedcolela.com if you\'re still interested. \r\n \r\nI await your response. \r\n \r\nThanks, \r\n \r\nDonald Cole', '2021-10-03 05:19:57', '2021-10-03 05:19:57'),
(17, '16', 0, 'Good day, \r\n\r\nMy name is Eric and unlike a lot of emails you might get, I wanted to instead provide you with a word of encouragement – Congratulations\r\n\r\nWhat for?  \r\n\r\nPart of my job is to check out websites and the work you’ve done with owensyx.com definitely stands out. \r\n\r\nIt’s clear you took building a website seriously and made a real investment of time and resources into making it top quality.\r\n\r\nThere is, however, a catch… more accurately, a question…\r\n\r\nSo when someone like me happens to find your site – maybe at the top of the search results (nice job BTW) or just through a random link, how do you know? \r\n\r\nMore importantly, how do you make a connection with that person?\r\n\r\nStudies show that 7 out of 10 visitors don’t stick around – they’re there one second and then gone with the wind.\r\n\r\nHere’s a way to create INSTANT engagement that you may not have known about… \r\n\r\nTalk With Web Visitor is a software widget that’s works on your site, ready to capture any visitor’s Name, Email address and Phone Number.  It lets you know INSTANTLY that they’re interested – so that you can talk to that lead while they’re literally checking out owensyx.com.\r\n\r\nCLICK HERE https://talkwithwebvisitors.com to try out a Live Demo with Talk With Web Visitor now to see exactly how it works.\r\n\r\nIt could be a game-changer for your business – and it gets even better… once you’ve captured their phone number, with our new SMS Text With Lead feature, you can automatically start a text (SMS) conversation – immediately (and there’s literally a 100X difference between contacting someone within 5 minutes versus 30 minutes.)\r\n\r\nPlus then, even if you don’t close a deal right away, you can connect later on with text messages for new offers, content links, even just follow up notes to build a relationship.\r\n\r\nEverything I’ve just described is simple, easy, and effective. \r\n\r\nCLICK HERE https://talkwithwebvisitors.com to discover what Talk With Web Visitor can do for your business.\r\n\r\nYou could be converting up to 100X more leads today!\r\n\r\nEric\r\nPS: Talk With Web Visitor offers a FREE 14 days trial – and it even includes International Long Distance Calling. \r\nYou have customers waiting to talk with you right now… don’t keep them waiting. \r\nCLICK HERE https://talkwithwebvisitors.com to try Talk With Web Visitor now.\r\n\r\nIf you\'d like to unsubscribe click here http://talkwithwebvisitors.com/unsubscribe.aspx?d=owensyx.com', '2021-10-13 09:28:13', '2021-10-13 09:28:13'),
(18, '17', 0, 'Hello, my name’s Eric and I just ran across your website at owensyx.com...\r\n\r\nI found it after a quick search, so your SEO’s working out…\r\n\r\nContent looks pretty good…\r\n\r\nOne thing’s missing though…\r\n\r\nA QUICK, EASY way to connect with you NOW.\r\n\r\nBecause studies show that a web lead like me will only hang out a few seconds – 7 out of 10 disappear almost instantly, Surf Surf Surf… then gone forever.\r\n\r\nI have the solution:\r\n\r\nTalk With Web Visitor is a software widget that’s works on your site, ready to capture any visitor’s Name, Email address and Phone Number.  You’ll know immediately they’re interested and you can call them directly to TALK with them - literally while they’re still on the web looking at your site.\r\n\r\nCLICK HERE https://talkwithwebvisitors.com to try out a Live Demo with Talk With Web Visitor now to see exactly how it works and even give it a try… it could be huge for your business.\r\n\r\nPlus, now that you’ve got that phone number, with our new SMS Text With Lead feature, you can automatically start a text (SMS) conversation pronto… which is so powerful, because connecting with someone within the first 5 minutes is 100 times more effective than waiting 30 minutes or more later.\r\n\r\nThe new text messaging feature lets you follow up regularly with new offers, content links, even just follow up notes to build a relationship.\r\n\r\nEverything I’ve just described is extremely simple to implement, cost-effective, and profitable.\r\n \r\nCLICK HERE https://talkwithwebvisitors.com to discover what Talk With Web Visitor can do for your business, potentially converting up to 100X more eyeballs into leads today!\r\n\r\nEric\r\nPS: Talk With Web Visitor offers a FREE 14 days trial – and it even includes International Long Distance Calling. \r\nYou have customers waiting to talk with you right now… don’t keep them waiting. \r\nCLICK HERE https://talkwithwebvisitors.com to try Talk With Web Visitor now.\r\n\r\nIf you\'d like to unsubscribe click here http://talkwithwebvisitors.com/unsubscribe.aspx?d=owensyx.com', '2021-10-13 21:04:19', '2021-10-13 21:04:19'),
(19, '18', 0, 'Hello \r\n \r\nWe all know the importance that dofollow link have on any website`s ranks. \r\nHaving most of your linkbase filled with nofollow ones is of no good for your ranks and SEO metrics. \r\n \r\nBuy quality dofollow links from us, that will impact your ranks in a positive way \r\nhttps://www.digital-x-press.com/product/150-dofollow-backlinks/ \r\n \r\nBest regards \r\nMike Lawman\r\n \r\nsupport@digital-x-press.com', '2021-10-14 16:49:23', '2021-10-14 16:49:23'),
(20, '19', 0, 'We are a Team of IT Experts specialized in the production of Real and Novelty Documents such as Passport, Driving License , IELTS Certificate, ID Cards, Diplomas, SS Cards, University Certificates, Green Cards, Death Certificate, Working Permits, Visa\'s etc. Contact us on WhatsApp for more information +49 1590 2969018. or Email us at... authenticdvlalicense@gmail.com \r\n \r\n \r\nWir sind ein Team von IT-Experten, das auf die Erstellung von echten und neuartigen Dokumenten wie Reisepass, Fuhrerschein, IELTS-Zertifikat, Personalausweisen, Diplomen, SS-Karten, Universitatszertifikaten, Green Cards, Sterbeurkunden, Arbeitserlaubnissen, Visa usw. spezialisiert ist uns auf WhatsApp fur weitere Informationen +49 1590 2969018.  oder senden Sie uns eine E-Mail an... authenticdvlalicense@gmail.com', '2021-10-17 08:35:47', '2021-10-17 08:35:47'),
(21, '20', 0, 'Greetings \r\n \r\nWe will improve your Local Ranks organically and safely, using only whitehat methods, while providing Google maps and website offsite work at the same time. \r\n \r\nPlease check our pricelist here, we offer Local SEO at cheap rates. \r\nhttps://speed-seo.net/product/local-seo-package/ \r\n \r\nNEW: \r\nhttps://www.speed-seo.net/product/zip-codes-gmaps-citations/ \r\n \r\nregards \r\nMike Shorter\r\n \r\nSpeed SEO Digital Agency', '2021-10-18 18:25:31', '2021-10-18 18:25:31'),
(22, '21', 0, 'Any Language. Any Application. RapidLex Desktop Application for Windows 7/8/10, macOS & Linux. \r\nAre you anyone working with foreign language texts? Do not waste your time by copying text from one application to other to get your translation. Just select your text in any application like Outlook, Word, Powerpoint, Pdf, e-book reader or any other and double press left Ctrl key, RapidLex pops-up and your translation is done. Free 14-Day Trial without registration needed. Download at http://www.rapidlex.com/.', '2021-10-26 01:05:22', '2021-10-26 01:05:22'),
(23, '22', 0, 'We are a Team of IT Experts specialized in the production of Real and Novelty Documents such as Passport, Driving License , IELTS Certificate,  NCLEX Certificate, ID Cards, Diplomas, SS Cards, University Certificates, Green Cards, Death Certificate, Working Permits, Visa\'s etc. Contact us on WhatsApp for more information +49 1590 2969018. or Email us at... documentsservicesexperts@gmail.com', '2021-10-26 15:20:40', '2021-10-26 15:20:40'),
(24, '23', 0, 'Hi \r\n \r\nI have just verified your SEO on  owensyx.com for its SEO Trend and saw that your website could use a boost. \r\n \r\nWe will increase your SEO metrics and ranks organically and safely, using only whitehat methods, while providing monthly reports and outstanding support. \r\n \r\nPlease check our pricelist here, we offer SEO at cheap rates. \r\nhttps://www.hilkom-digital.de/cheap-seo-packages/ \r\n \r\nStart enhancing your sales and leads with us, today! \r\n \r\nregards \r\nMike Dunce\r\n \r\nHilkom Digital Team \r\nsupport@hilkom-digital.de', '2021-10-30 14:39:15', '2021-10-30 14:39:15'),
(25, '24', 0, 'Hola 👋 cómo estás es solo un ejemplo', '2021-10-31 03:00:54', '2021-10-31 03:00:54'),
(26, '25', 0, 'Hello \r\n \r\nWe all know the importance that dofollow link have on any website`s ranks. \r\nHaving most of your linkbase filled with nofollow ones is of no good for your ranks and SEO metrics. \r\n \r\nBuy quality dofollow links from us, that will impact your ranks in a positive way \r\nhttps://www.digital-x-press.com/product/150-dofollow-backlinks/ \r\n \r\nBest regards \r\nMike Oliver\r\n \r\nsupport@digital-x-press.com', '2021-11-01 19:26:18', '2021-11-01 19:26:18'),
(27, '26', 0, 'Hello \r\n \r\nDo you need funds to finance a project? Do you want to raise capital for a business transaction?- Or maybe you require a line of credit? We can help! \r\n \r\nWe are agents working directly with private investors who are able to provide yearly renewable loans to get your project funded. \r\n \r\nMy investors are looking to invest into various businesses like real estate, hotel, oil and gas, farming, mining, construction, trade, telecommunications, etc. If you have any viable project, we are ready to open a window for further discussion. \r\n \r\nYours faithfully \r\nSimpson Middleton \r\nWhatsApp: 447452180661 \r\nE-mail: info@wealthfunders.org', '2021-11-06 14:42:45', '2021-11-06 14:42:45'),
(28, '27', 0, 'Hello!  owensyx.com \r\n \r\nWe propose \r\n \r\nSending your commercial offer through the feedback form which can be found on the sites in the Communication section. Feedback forms are filled in by our application and the captcha is solved. The profit of this method is that messages sent through feedback forms are whitelisted. This method increases the chances that your message will be read. \r\n \r\nOur database contains more than 27 million sites around the world to which we can send your message. \r\n \r\nThe cost of one million messages 49 USD \r\n \r\nFREE TEST mailing Up to 50,000 messages. \r\n \r\n \r\nThis message is created automatically.  Use our contacts for communication. \r\n \r\nContact us. \r\nTelegram - @FeedbackMessages \r\nSkype  live:contactform_18 \r\nWhatsApp - +375259112693 \r\nWe only use chat.', '2021-11-07 04:30:03', '2021-11-07 04:30:03'),
(29, '28', 0, 'Good Morning \r\n \r\nDefrost frozen foods in minutes safely and naturally with our THAW KING™. \r\n\r\n50% OFF for the next 24 Hours ONLY + FREE Worldwide Shipping for a LIMITED \r\n\r\nBuy now: thawking.online\r\n \r\nBest, \r\n \r\nKandy', '2021-11-07 15:43:10', '2021-11-07 15:43:10'),
(30, '29', 0, 'Hi \r\n\r\nDo you have time to brush your dog\'s teeth every day?\r\n\r\nLet your dog clean his own teeth with our dog dental care brushing stick. Made of eco-friendly natural rubber, this toothbrush is sturdy. The soft design is safe for your dogs\' gums and helps to clean their teeth and protect them from oral diseases and dental decay. \r\n\r\nAct Now And Receive A Special Discount!\r\n\r\nClick here: https://dogcare.center\r\n\r\nSincerely, \r\n \r\nFrances', '2021-11-10 17:50:06', '2021-11-10 17:50:06'),
(31, '30', 0, 'owensyx.com tyrueoswkdhfbjksdhbdvsddnajkmkxdbfsdjdfadladabfhghgdhsjkd', '2021-11-11 20:11:57', '2021-11-11 20:11:57'),
(32, '31', 0, 'Hi there \r\n \r\nDo you want a quick boost in ranks and sales for your website? \r\nHaving a high DA score, always helps \r\n \r\nGet your owensyx.com to have a DA between 50 to 60 points in Moz with us today and reap the benefits of such a great feat. \r\n \r\nSee our offers here: \r\nhttps://www.strictlydigital.net/product/moz-da50-seo-plan/ \r\n \r\nOn SALE: \r\nhttps://www.strictlydigital.net/product/ahrefs-dr60/ \r\n \r\n \r\nThank you \r\nMike Black', '2021-11-12 04:45:28', '2021-11-12 04:45:28');

-- --------------------------------------------------------

--
-- Estructura de tabla para la tabla `support_tickets`
--

CREATE TABLE `support_tickets` (
  `id` bigint(20) UNSIGNED NOT NULL,
  `user_id` int(11) DEFAULT NULL,
  `name` varchar(191) COLLATE utf8mb4_unicode_ci DEFAULT NULL,
  `email` varchar(91) COLLATE utf8mb4_unicode_ci DEFAULT NULL,
  `ticket` varchar(191) COLLATE utf8mb4_unicode_ci DEFAULT NULL,
  `subject` varchar(191) COLLATE utf8mb4_unicode_ci DEFAULT NULL,
  `status` tinyint(4) NOT NULL COMMENT '0: Open, 1: Answered, 2: Replied, 3: Closed',
  `last_reply` datetime DEFAULT NULL,
  `created_at` timestamp NULL DEFAULT NULL,
  `updated_at` timestamp NULL DEFAULT NULL
) ENGINE=InnoDB DEFAULT CHARSET=utf8mb4 COLLATE=utf8mb4_unicode_ci;

--
-- Volcado de datos para la tabla `support_tickets`
--

INSERT INTO `support_tickets` (`id`, `user_id`, `name`, `email`, `ticket`, `subject`, `status`, `last_reply`, `created_at`, `updated_at`) VALUES
(1, NULL, 'Maritza', 'maritza@owensyx.com', '30549902', 'owensyx.com', 3, '2021-07-02 09:45:55', '2021-07-02 09:45:55', '2021-07-05 12:18:48'),
(2, 1, 'Juan Quispe', 'lotquispesistemas@gmail.com', '570119', 'Ejemplo Test', 0, '2021-07-09 01:53:03', '2021-07-09 01:53:03', '2021-07-09 01:53:03'),
(3, 1, 'Juan Quispe', 'lotquispesistemas@gmail.com', '567684', 'Ejemplo Test', 1, '2021-07-26 19:29:16', '2021-07-09 01:53:18', '2021-07-26 19:29:16'),
(4, NULL, 'Donald Cole', 'kendrickbells@donaldocole.com', '94005713', 'Partnership', 0, '2021-08-22 20:33:13', '2021-08-22 20:33:13', '2021-08-22 20:33:13'),
(5, NULL, 'Mike Chapman', 'robertangeles7162@gmail.com', '81905970', 'Local SEO for more business', 0, '2021-08-28 00:53:10', '2021-08-28 00:53:10', '2021-08-28 00:53:10'),
(6, NULL, 'Mike WifKinson', 'no-replymn@gmail.com', '02895556', 'quality monthly SEO plans', 0, '2021-09-04 07:21:24', '2021-09-04 07:21:24', '2021-09-04 07:21:24'),
(7, NULL, 'Henryduesy', 'denisandreev1989521a1n+8d@list.ru', '12862243', 'Judjfefehgje hfejfwhfjkfvjegj jefkkfejfej kfejkfekgrkhrkkgrj', 0, '2021-09-07 20:10:25', '2021-09-07 20:10:25', '2021-09-07 20:10:25'),
(8, NULL, 'Eric Jones', 'eric.jones.z.mail@gmail.com', '91947573', 'Instead, congrats', 0, '2021-09-16 08:09:56', '2021-09-16 08:09:56', '2021-09-16 08:09:56'),
(9, NULL, 'Mike Alsopp', 'no-replymn@gmail.com', '29606567', 'Get more dofollow backlinks for owensyx.com', 0, '2021-09-17 03:11:19', '2021-09-17 03:11:19', '2021-09-17 03:11:19'),
(10, NULL, 'Donald Cole', 'lanj7962@gmail.com', '12490179', 'Partnership', 0, '2021-09-22 13:11:19', '2021-09-22 13:11:19', '2021-09-22 13:11:19'),
(11, NULL, 'Mike Evans', 'no-replymn@gmail.com', '03892969', 'Local SEO for more business', 0, '2021-09-24 14:20:53', '2021-09-24 14:20:53', '2021-09-24 14:20:53'),
(12, NULL, 'Colleen Hansen', 'chanokformsen@gmail.com', '62794462', 'Finance Your Business with Government-backed Grants', 0, '2021-09-28 13:22:24', '2021-09-28 13:22:24', '2021-09-28 13:22:24'),
(13, NULL, 'Eric Jones', 'eric.jones.z.mail@gmail.com', '27950620', 'Instead, congrats', 0, '2021-09-29 10:59:30', '2021-09-29 10:59:30', '2021-09-29 10:59:30'),
(14, NULL, 'Mike Raleigh', 'no-replymn@gmail.com', '90584854', 'whitehat monthly SEO plans', 0, '2021-10-02 00:21:38', '2021-10-02 00:21:38', '2021-10-02 00:21:38'),
(15, NULL, 'Donald Cole', 'lanj7962@gmail.com', '81368884', 'Partnership', 0, '2021-10-03 05:19:57', '2021-10-03 05:19:57', '2021-10-03 05:19:57'),
(16, NULL, 'Eric Jones', 'eric.jones.z.mail@gmail.com', '35410071', 'Instead, congrats', 0, '2021-10-13 09:28:13', '2021-10-13 09:28:13', '2021-10-13 09:28:13'),
(17, NULL, 'Eric Jones', 'eric.jones.z.mail@gmail.com', '79156940', 'Turn Surf-Surf-Surf into Talk Talk Talk', 0, '2021-10-13 21:04:19', '2021-10-13 21:04:19', '2021-10-13 21:04:19'),
(18, NULL, 'Mike Lawman', 'no-replymn@gmail.com', '62696794', 'Get more dofollow backlinks for owensyx.com', 0, '2021-10-14 16:49:23', '2021-10-14 16:49:23', '2021-10-14 16:49:23'),
(19, NULL, 'Hans Jones', 'kerenthelma@gmail.com', '88753602', 'Express Documents Services ---Express-Dokumentendienste', 0, '2021-10-17 08:35:47', '2021-10-17 08:35:47', '2021-10-17 08:35:47'),
(20, NULL, 'Mike Shorter', 'no-replymn@gmail.com', '50658936', 'Local SEO for more business', 0, '2021-10-18 18:25:31', '2021-10-18 18:25:31', '2021-10-18 18:25:31'),
(21, NULL, 'Rapidlex Promotion', 'promotion.rapidlex@seznam.cz', '26202361', 'RapidLex - translations done faster', 0, '2021-10-26 01:05:22', '2021-10-26 01:05:22', '2021-10-26 01:05:22'),
(22, NULL, 'Express Documents', 'davidholman200@gmail.com', '38085743', 'Express Documents Services', 0, '2021-10-26 15:20:40', '2021-10-26 15:20:40', '2021-10-26 15:20:40'),
(23, NULL, 'Mike Dunce', 'no-replymn@gmail.com', '80770799', 'cheap monthly SEO plans', 0, '2021-10-30 14:39:15', '2021-10-30 14:39:15', '2021-10-30 14:39:15'),
(24, NULL, 'Lot Quispe', 'viveroquispe@gmail.com', '36852005', 'Test', 0, '2021-10-31 03:00:54', '2021-10-31 03:00:54', '2021-10-31 03:00:54'),
(25, NULL, 'Mike Oliver', 'no-replymn@gmail.com', '63791336', 'Get more dofollow backlinks for owensyx.com', 0, '2021-11-01 19:26:18', '2021-11-01 19:26:18', '2021-11-01 19:26:18'),
(26, NULL, 'Simpson Middleton', 'simpsonmiddleton1111@gmail.com', '35399723', 'WE OFFER LOANS AND JV PARTNERSHIP', 0, '2021-11-06 14:42:45', '2021-11-06 14:42:45', '2021-11-06 14:42:45'),
(27, NULL, 'JamesSlify', 'no-replyweda@gmail.com', '22200481', 'Do you want cheap and innovative advertising for little money?', 0, '2021-11-07 04:30:03', '2021-11-07 04:30:03', '2021-11-07 04:30:03'),
(28, NULL, 'Kandy', 'info@owensyx.com', '85088666', 'Kandy Hay', 0, '2021-11-07 15:43:10', '2021-11-07 15:43:10', '2021-11-07 15:43:10'),
(29, NULL, 'Frances', 'info@ww8.privatseiten.de', '72251771', 'OwenSyx - Hogar', 0, '2021-11-10 17:50:06', '2021-11-10 17:50:06', '2021-11-10 17:50:06'),
(30, NULL, 'GerardSmivy', 'dimafokin199506780tx+7131@inbox.ru', '59038941', 'Good site', 0, '2021-11-11 20:11:57', '2021-11-11 20:11:57', '2021-11-11 20:11:57'),
(31, NULL, 'Mike Black', 'no-replymn@gmail.com', '89349095', 'Strengthen your Domain Authority', 0, '2021-11-12 04:45:28', '2021-11-12 04:45:28', '2021-11-12 04:45:28');

-- --------------------------------------------------------

--
-- Estructura de tabla para la tabla `transactions`
--

CREATE TABLE `transactions` (
  `id` bigint(20) UNSIGNED NOT NULL,
  `user_id` int(11) DEFAULT NULL,
  `amount` decimal(18,8) NOT NULL DEFAULT 0.00000000,
  `charge` decimal(18,8) NOT NULL DEFAULT 0.00000000,
  `trx_type` varchar(10) COLLATE utf8mb4_unicode_ci DEFAULT NULL,
  `trx` varchar(25) COLLATE utf8mb4_unicode_ci DEFAULT NULL,
  `details` varchar(255) COLLATE utf8mb4_unicode_ci DEFAULT NULL,
  `created_at` timestamp NULL DEFAULT NULL,
  `updated_at` timestamp NULL DEFAULT NULL
) ENGINE=InnoDB DEFAULT CHARSET=utf8mb4 COLLATE=utf8mb4_unicode_ci;

--
-- Volcado de datos para la tabla `transactions`
--

INSERT INTO `transactions` (`id`, `user_id`, `amount`, `charge`, `trx_type`, `trx`, `details`, `created_at`, `updated_at`) VALUES
(1, 1, '135.00000000', '1.00000000', '+', 'UYFTONNM57B1', 'Payment Via Stripe Hosted', '2021-07-09 13:07:25', '2021-07-09 13:07:25'),
(2, 1, '24.08000000', '1.00000000', '+', 'MYRTAXAK4GZ9', 'Payment Via Stripe Hosted', '2021-07-26 18:17:23', '2021-07-26 18:17:23'),
(3, 13, '42.00000000', '1.00000000', '+', '2YHGRFAPQ6S5', 'Payment Via Stripe Hosted', '2021-09-22 07:51:04', '2021-09-22 07:51:04'),
(4, 14, '22.00000000', '1.00000000', '+', 'N8Q4JCEK1CWH', 'Payment Via Stripe Hosted', '2021-09-24 12:13:28', '2021-09-24 12:13:28'),
(5, 20, '528.00000000', '1.00000000', '+', '8G2AAG1UC4HZ', 'Payment Via Stripe Hosted', '2021-10-28 02:20:33', '2021-10-28 02:20:33'),
(6, 23, '122.99000000', '1.00000000', '+', 'CS7Y1DPO6VZU', 'Payment Via Stripe Hosted', '2021-10-28 05:42:51', '2021-10-28 05:42:51');

-- --------------------------------------------------------

--
-- Estructura de tabla para la tabla `users`
--

CREATE TABLE `users` (
  `id` bigint(20) UNSIGNED NOT NULL,
  `firstname` varchar(50) COLLATE utf8mb4_unicode_ci DEFAULT NULL,
  `lastname` varchar(50) COLLATE utf8mb4_unicode_ci DEFAULT NULL,
  `username` varchar(50) COLLATE utf8mb4_unicode_ci NOT NULL,
  `email` varchar(90) COLLATE utf8mb4_unicode_ci NOT NULL,
  `mobile` varchar(50) COLLATE utf8mb4_unicode_ci DEFAULT NULL,
  `password` varchar(255) COLLATE utf8mb4_unicode_ci NOT NULL,
  `image` varchar(91) COLLATE utf8mb4_unicode_ci DEFAULT NULL,
  `address` text COLLATE utf8mb4_unicode_ci DEFAULT NULL COMMENT 'contains full address',
  `status` tinyint(1) NOT NULL DEFAULT 1 COMMENT '0: banned, 1: active',
  `ev` tinyint(1) NOT NULL DEFAULT 0 COMMENT '0: email unverified, 1: email verified',
  `sv` tinyint(1) NOT NULL DEFAULT 0 COMMENT '0: sms unverified, 1: sms verified',
  `ver_code` varchar(91) COLLATE utf8mb4_unicode_ci DEFAULT NULL COMMENT 'stores verification code',
  `ver_code_send_at` datetime DEFAULT NULL COMMENT 'verification send time',
  `remember_token` varchar(100) COLLATE utf8mb4_unicode_ci DEFAULT NULL,
  `created_at` timestamp NULL DEFAULT NULL,
  `updated_at` timestamp NULL DEFAULT NULL
) ENGINE=InnoDB DEFAULT CHARSET=utf8mb4 COLLATE=utf8mb4_unicode_ci;

--
-- Volcado de datos para la tabla `users`
--

INSERT INTO `users` (`id`, `firstname`, `lastname`, `username`, `email`, `mobile`, `password`, `image`, `address`, `status`, `ev`, `sv`, `ver_code`, `ver_code_send_at`, `remember_token`, `created_at`, `updated_at`) VALUES
(1, 'Juan', 'Quispe', 'carolina', 'lotquispesistemas@gmail.com', '51924362694', '$2y$10$X0qJ9lWkvxHU6X1DXbiGyOmImEWKZ1teHSixuNDJzYeLU6d9Js/6G', '1625167178_carolina.jpg', '{\"address\":\"Ate Vitarte\",\"city\":\"Per\\u00fa\",\"state\":\"Ate\",\"zip\":\"1992\",\"country\":\"Peru\"}', 1, 1, 1, NULL, NULL, NULL, '2021-07-01 18:29:34', '2021-07-07 14:33:53'),
(2, 'Denise', 'Montgomery', 'zowixee', 'gonoryto@mail.com', '4723423423', '$2y$10$qTXiaKN4SU0QDIt2/RX0iuWLu0xNGWpFaURDLlBDJRPMDU7IJp8PS', NULL, '{\"address\":\"\",\"state\":\"\",\"zip\":\"\",\"country\":\"Norway\",\"city\":\"\"}', 1, 1, 1, NULL, NULL, NULL, '2021-07-11 05:17:22', '2021-07-11 05:17:22'),
(3, 'Tasha', 'Schroeder', 'suxagup', 'vawycoqimi@mailinator.com', '235324234234', '$2y$10$IF5vs9Fur23D0HYaevkDSelf7mtW1/ZIKoXo8vBahw4iqJ5GzUP.q', NULL, '{\"address\":\"\",\"state\":\"\",\"zip\":\"\",\"country\":\"Chad\",\"city\":\"\"}', 1, 1, 1, NULL, NULL, NULL, '2021-07-12 05:20:43', '2021-07-12 05:20:43'),
(4, 'Jose', 'Perez', 'Cperez', 'jose.perez@gmail.com', '502638272u2', '$2y$10$uLueJCdQBFsLg.ci.mgB7.Qkyzgjh0psOGTFSCtqjKs2o0BVt1UNG', NULL, '{\"address\":\"\",\"state\":\"\",\"zip\":\"\",\"country\":\"Guatemala\",\"city\":\"\"}', 1, 0, 1, '954535', '2021-07-29 01:19:59', NULL, '2021-07-29 01:19:58', '2021-07-29 01:19:59'),
(5, 'Marco Antonio', 'Fermín vaca', 'marcofermin', 'mfermin157@gmail.com', '59178293253', '$2y$10$4kXESXahl6.w6cKwWfr6hexTMgzCSfKBIz21OZXa1V3iC0cTTI9yu', NULL, '{\"address\":\"\",\"state\":\"\",\"zip\":\"\",\"country\":\"Bolivia, Plurinational State of bolivia\",\"city\":\"\"}', 1, 1, 1, NULL, NULL, NULL, '2021-07-30 19:48:06', '2021-07-30 19:49:01'),
(6, 'Test', 'test', 'test2021', 'test1@gmail.com', '51924362698', '$2y$10$5V3hn36llvbAPaW6PQzRrOAwC9dxRWDDsieLq4oXHqWd/6lLUpyOe', NULL, '{\"address\":\"\",\"state\":\"\",\"zip\":\"\",\"country\":\"Peru\",\"city\":\"\"}', 1, 1, 1, NULL, NULL, NULL, '2021-07-30 20:25:05', '2021-07-30 20:25:05'),
(7, 'Mario Jhoel', 'Sanchez Baylon', 'jhoelsanchez', 'jhoelsanchez@hotmail.com', '51981079425', '$2y$10$k0OF1Rj9w2uGky9zl8glR.yG4H7fLvw6qg3XDM7SLpri8/Cg3V9Pq', NULL, '{\"address\":\"\",\"state\":\"\",\"zip\":\"\",\"country\":\"Peru\",\"city\":\"\"}', 1, 1, 1, NULL, NULL, NULL, '2021-08-24 20:47:14', '2021-08-24 20:47:14'),
(8, 'Wiamar', 'Rodas Bustamanate', 'Rodas1992', 'vismar_rodas@outlook.com', '51942413302', '$2y$10$EOSOgfCX4YOrow9Dfxa5cuEMPEgrEp2DJpoT4HS7InxAN8mzv4LJm', NULL, '{\"address\":\"\",\"state\":\"\",\"zip\":\"\",\"country\":\"Peru\",\"city\":\"\"}', 1, 1, 1, NULL, NULL, NULL, '2021-08-25 15:14:30', '2021-08-25 15:14:30'),
(9, 'Jesus', 'Salazar', 'gsalazar', 'jgeovanny.salazarm@gmail.com', '593983031481', '$2y$10$jCyWWg7xI9sxARak7LUXSOvT7HTfK.UZQPXEkoxYp1m.w7tW49Ld2', NULL, '{\"address\":\"\",\"state\":\"\",\"zip\":\"\",\"country\":\"Ecuador\",\"city\":\"\"}', 1, 1, 1, NULL, NULL, NULL, '2021-08-27 04:34:12', '2021-08-27 04:34:12'),
(10, 'Ismael', 'Montenegro', 'admin123', 'iher932@gmail.com', '50370010567', '$2y$10$mB6ERsp7az1PNKdbmw/mXeZOrPfLwg8f5fcV9zV5RziDvT9rGACCO', NULL, '{\"address\":\"\",\"state\":\"\",\"zip\":\"\",\"country\":\"El Salvador\",\"city\":\"\"}', 1, 1, 1, NULL, NULL, NULL, '2021-08-28 21:17:51', '2021-08-28 21:17:51'),
(11, 'Luis', 'quispe', 'luis2021', 'luis@gmail.com', '51924362698', '$2y$10$x4sKxNSUz5aVqHYCfZ0ra.Ul0YLKlTiTENl2RGxQ52ENf9PapYFNq', NULL, '{\"address\":\"\",\"state\":\"\",\"zip\":\"\",\"country\":\"Peru\",\"city\":\"\"}', 1, 1, 1, NULL, NULL, NULL, '2021-09-06 16:51:29', '2021-09-06 16:51:29'),
(12, 'testq', 'test', 'testuser123', 'viserlab@gmail.com', '88045551', '$2y$10$toRihJwZbiNPVLvVwgY2w.Fz/TLMr4CfPLSF7Z0/a3QSIZhCDycAm', NULL, '{\"address\":\"\",\"state\":\"\",\"zip\":\"\",\"country\":\"Bangladesh\",\"city\":\"\"}', 1, 1, 1, NULL, NULL, NULL, '2021-09-08 15:18:07', '2021-09-08 15:18:07'),
(13, 'Gustavo', 'Lopez Callejas', 'guslopezc', 'guslopezcallejas@gmail.com', '14426119018', '$2y$10$dVyBhopu.5kczmgOrWimq.pwxnu8YEXuQr.3dAMxFlPwZOd4qUL4e', NULL, '{\"address\":\"\",\"state\":\"\",\"zip\":\"\",\"country\":\"United States\",\"city\":\"\"}', 1, 1, 1, NULL, NULL, NULL, '2021-09-22 07:48:59', '2021-09-23 07:11:05'),
(14, 'Laravel', 'Web', 'Laravel', 'laravel@es.es', '51931123123', '$2y$10$dF0HgCdvqjsZOfusXqP2i.TGJ0WcIM02Be3otY4.13ikDV/r6PkVm', NULL, '{\"address\":\"\",\"state\":\"\",\"zip\":\"\",\"country\":\"Peru\",\"city\":\"\"}', 1, 1, 1, NULL, NULL, NULL, '2021-09-24 01:44:50', '2021-09-24 01:44:50'),
(15, 'VICTOR', 'CARRANZA', 'CARRANZA', 'carranza@tecnologicoamazonasygs.edu.pe', '5191050821', '$2y$10$4GITq4OAsbsSGKaxllVxWedGPrj3JIUihPchh4l2TbP/C0r95Rtey', NULL, '{\"address\":\"\",\"state\":\"\",\"zip\":\"\",\"country\":\"Peru\",\"city\":\"\"}', 1, 1, 1, NULL, NULL, NULL, '2021-10-20 19:47:13', '2021-10-20 19:47:13'),
(16, 'VICTOR', 'VARGAS BRICEÑO', 'VARGAS', 'vcarranza@tecnologicoamazonasygs.edu.pe', '5191050821', '$2y$10$Fj6rpS66MvlEacRvxfs/uO0Lta44qUdSwr7N1P9phZj5QeNZ70acK', NULL, '{\"address\":\"\",\"state\":\"\",\"zip\":\"\",\"country\":\"Peru\",\"city\":\"\"}', 1, 1, 1, NULL, NULL, NULL, '2021-10-20 19:51:08', '2021-10-20 19:51:08'),
(17, 'Adminrmg', 'Adminrmg', 'adminrmg', 'roneyguerra@hotmail.com', '50498050776', '$2y$10$b/C7glILAY407tD71Z1xMO6IqafKQKXN9XUVqjwOXPkyFyYGuWife', NULL, '{\"address\":\"\",\"state\":\"\",\"zip\":\"\",\"country\":\"Honduras\",\"city\":\"\"}', 1, 1, 1, NULL, NULL, NULL, '2021-10-23 15:20:13', '2021-10-23 15:20:13'),
(18, 'Andrés', 'Cayambe', 'andres', 'bradysam@hotmail.com', '593+593997418430', '$2y$10$dSNOEiUoBNxrF8OM9/myre83WDU1LQaxeqkri4/jQUlyMwafO5hW2', NULL, '{\"address\":\"\",\"state\":\"\",\"zip\":\"\",\"country\":\"Ecuador\",\"city\":\"\"}', 1, 1, 1, NULL, NULL, NULL, '2021-10-27 14:53:37', '2021-11-06 17:02:13'),
(19, 'LUIS', 'TENA', 'luisenriquesolorzano', 'luisenrique.solorzano@gmail.com', '526563818374', '$2y$10$tem0bxnSZNVNCN66idz6t.rgcggx56.vLSOsz/CovDnMlVN7.mNT2', NULL, '{\"address\":\"\",\"state\":\"\",\"zip\":\"\",\"country\":\"Mexico\",\"city\":\"\"}', 1, 1, 1, NULL, NULL, NULL, '2021-10-28 02:08:06', '2021-10-28 02:08:06'),
(20, 'LUIS', 'TENA', 'u186837', 'enlazasistemas@gmail.com', '526563818374', '$2y$10$nPrKLIjDWR8eQw8jaWBqsuOPcDCEEUHz1MRLhNr9FochBE9cwbiIy', NULL, '{\"address\":\"\",\"state\":\"\",\"zip\":\"\",\"country\":\"Mexico\",\"city\":\"\"}', 1, 1, 1, NULL, NULL, NULL, '2021-10-28 02:17:04', '2021-10-28 02:17:04'),
(21, 'Isaac', 'Sanchez', 'isanchezf26', 'isanchezf26@gmail.com', '51972501863', '$2y$10$C.BrxjtuDb/zPyB1kgRRZeX5eHalhyG0RWBcE1OaMF1Dr2Itqu4uS', NULL, '{\"address\":\"\",\"state\":\"\",\"zip\":\"\",\"country\":\"Peru\",\"city\":\"\"}', 1, 1, 1, NULL, NULL, NULL, '2021-10-28 02:48:15', '2021-10-28 02:48:15'),
(22, 'Alex', 'Ca', 'alex12', 'alex12@prueba.com', '5047777-5567', '$2y$10$o5XcBKUoLYfXeyNLl.vtLeeQjgjTBbk4Vgco2z.OUXu93RAlwIhWi', NULL, '{\"address\":\"\",\"state\":\"\",\"zip\":\"\",\"country\":\"Honduras\",\"city\":\"\"}', 1, 1, 1, NULL, NULL, NULL, '2021-10-28 05:26:42', '2021-10-28 05:26:42'),
(23, 'Alex', 'Ca', 'alex1221', 'alexca@yahoo.com', '5047777-5567', '$2y$10$agew7DC0BMqCRJDH5t/YAuPSL/pr9mZFEId.W99DaO2nG3SoQ1WpG', NULL, '{\"address\":\"\",\"state\":\"\",\"zip\":\"\",\"country\":\"Honduras\",\"city\":\"\"}', 1, 1, 1, NULL, NULL, NULL, '2021-10-28 05:34:38', '2021-10-28 05:34:38'),
(24, 'Luis', 'Jose', 'luismiguel', 'luismiguel@gmail.com', '51934567676', '$2y$10$Pq2SeTak5IxyRou8dsto9Om4Z3QGc/e7dEWk0IwQ1sV8VNiskQGhu', NULL, '{\"address\":\"\",\"state\":\"\",\"zip\":\"\",\"country\":\"Peru\",\"city\":\"\"}', 1, 1, 1, NULL, NULL, NULL, '2021-10-30 17:54:50', '2021-10-30 17:54:50'),
(25, 'eliot', 'quispe', 'eliotperu', 'eliot@gmail.com', '5123456789', '$2y$10$4am6qkicD5pMMB6Q7xkS6e8ZMBUzLakTNlHE9dsneBqwzK/AmJxv6', NULL, '{\"address\":\"\",\"state\":\"\",\"zip\":\"\",\"country\":\"Peru\",\"city\":\"\"}', 1, 1, 1, NULL, NULL, NULL, '2021-10-30 18:58:11', '2021-10-30 18:58:11'),
(26, 'Jesús María', 'Guerrero', 'jesusmaria', 'jesusmaria@gmail.com', '510924362698', '$2y$10$UTdDO2gGoZDGFOQNZ.CGs.BVq0S.lCHfdKz2zZZHHJ9RDtGhqyxG.', NULL, '{\"address\":\"\",\"state\":\"\",\"zip\":\"\",\"country\":\"Peru\",\"city\":\"\"}', 1, 1, 1, NULL, NULL, NULL, '2021-10-31 03:02:32', '2021-10-31 03:02:32'),
(27, 'Pamela', 'Doriz', 'pamela2021', 'pamela2021@gmail.com', '5192345675', '$2y$10$YWscH1x7W5Iw1dd.AX4aveKcv4wua20D1jc1NdRaftnPCMXiZfw1K', '1635898188_pamela2021.jpg', '{\"address\":\"ate viatarte\",\"state\":\"Ate\",\"zip\":\"182\",\"country\":\"Peru\",\"city\":\"Lima\"}', 1, 1, 1, NULL, NULL, NULL, '2021-11-03 00:09:02', '2021-11-03 00:09:48'),
(28, 'Ana', 'Aulla', 'staulla', 'ventasstriobamba@gmail.com', '593997418430', '$2y$10$Lz.xBHl0WAH.R.nWsOqEgOcHaLejJqYeNaeRymtDD4COMoNwjRnrK', NULL, '{\"address\":\"\",\"state\":\"\",\"zip\":\"\",\"country\":\"Ecuador\",\"city\":\"\"}', 1, 1, 1, NULL, NULL, NULL, '2021-11-03 14:47:39', '2021-11-03 14:47:39');

-- --------------------------------------------------------

--
-- Estructura de tabla para la tabla `user_logins`
--

CREATE TABLE `user_logins` (
  `id` bigint(20) UNSIGNED NOT NULL,
  `user_id` int(11) NOT NULL,
  `user_ip` varchar(50) COLLATE utf8mb4_unicode_ci DEFAULT NULL,
  `location` varchar(91) COLLATE utf8mb4_unicode_ci DEFAULT NULL,
  `browser` varchar(50) COLLATE utf8mb4_unicode_ci DEFAULT NULL,
  `os` varchar(50) COLLATE utf8mb4_unicode_ci DEFAULT NULL,
  `longitude` varchar(25) COLLATE utf8mb4_unicode_ci DEFAULT NULL,
  `latitude` varchar(25) COLLATE utf8mb4_unicode_ci DEFAULT NULL,
  `country` varchar(30) COLLATE utf8mb4_unicode_ci DEFAULT NULL,
  `country_code` varchar(15) COLLATE utf8mb4_unicode_ci DEFAULT NULL,
  `created_at` timestamp NULL DEFAULT NULL,
  `updated_at` timestamp NULL DEFAULT NULL
) ENGINE=InnoDB DEFAULT CHARSET=utf8mb4 COLLATE=utf8mb4_unicode_ci;

--
-- Volcado de datos para la tabla `user_logins`
--

INSERT INTO `user_logins` (`id`, `user_id`, `user_ip`, `location`, `browser`, `os`, `longitude`, `latitude`, `country`, `country_code`, `created_at`, `updated_at`) VALUES
(1, 1, '181.66.131.41', 'Lima - - Peru - PE ', 'Handheld Browser', 'Android', '-77.0428', '-12.0464', 'Peru', 'PE', '2021-07-01 18:29:34', '2021-07-01 18:29:34'),
(2, 1, '181.66.131.41', 'Lima - - Peru - PE ', 'Chrome', 'Windows 10', '-77.0428', '-12.0464', 'Peru', 'PE', '2021-07-01 19:10:55', '2021-07-01 19:10:55'),
(3, 1, '181.66.131.41', 'Lima - - Peru - PE ', 'Handheld Browser', 'Android', '-77.0428', '-12.0464', 'Peru', 'PE', '2021-07-01 21:03:55', '2021-07-01 21:03:55'),
(4, 1, '181.66.131.41', 'Lima - - Peru - PE ', 'Chrome', 'Windows 10', '-77.0428', '-12.0464', 'Peru', 'PE', '2021-07-07 14:34:12', '2021-07-07 14:34:12'),
(5, 1, '181.66.131.41', 'Lima - - Peru - PE ', 'Chrome', 'Windows 10', '-77.0428', '-12.0464', 'Peru', 'PE', '2021-07-07 19:49:55', '2021-07-07 19:49:55'),
(6, 1, '181.66.131.41', 'Lima - - Peru - PE ', 'Handheld Browser', 'Android', '-77.0428', '-12.0464', 'Peru', 'PE', '2021-07-07 20:30:18', '2021-07-07 20:30:18'),
(7, 1, '181.66.131.41', 'Lima - - Peru - PE ', 'Chrome', 'Windows 10', '-77.0428', '-12.0464', 'Peru', 'PE', '2021-07-09 01:29:28', '2021-07-09 01:29:28'),
(8, 1, '181.66.131.41', 'Lima - - Peru - PE ', 'Chrome', 'Windows 10', '-77.0428', '-12.0464', 'Peru', 'PE', '2021-07-09 01:44:55', '2021-07-09 01:44:55'),
(9, 1, '181.66.131.41', 'Lima - - Peru - PE ', 'Handheld Browser', 'Android', '-77.0428', '-12.0464', 'Peru', 'PE', '2021-07-09 02:21:42', '2021-07-09 02:21:42'),
(10, 1, '181.66.131.41', 'Lima - - Peru - PE ', 'Chrome', 'Windows 10', '-77.0428', '-12.0464', 'Peru', 'PE', '2021-07-09 12:53:35', '2021-07-09 12:53:35'),
(11, 2, '59.153.30.32', 'Dhaka - - Bangladesh - BD ', 'Chrome', 'Windows 10', '90.4093', '23.7272', 'Bangladesh', 'BD', '2021-07-11 05:17:23', '2021-07-11 05:17:23'),
(12, 1, '181.66.131.41', 'Lima - - Peru - PE ', 'Chrome', 'Windows 10', '-77.0428', '-12.0464', 'Peru', 'PE', '2021-07-11 20:35:39', '2021-07-11 20:35:39'),
(13, 3, '59.153.30.32', 'Dhaka - - Bangladesh - BD ', 'Chrome', 'Windows 10', '90.4093', '23.7272', 'Bangladesh', 'BD', '2021-07-12 05:20:43', '2021-07-12 05:20:43'),
(14, 1, '181.66.131.41', 'Lima - - Peru - PE ', 'Chrome', 'Windows 10', '-77.0428', '-12.0464', 'Peru', 'PE', '2021-07-12 12:10:00', '2021-07-12 12:10:00'),
(15, 1, '181.66.131.41', 'Lima - - Peru - PE ', 'Chrome', 'Windows 10', '-77.0428', '-12.0464', 'Peru', 'PE', '2021-07-12 12:13:45', '2021-07-12 12:13:45'),
(16, 1, '181.66.131.41', 'Lima - - Peru - PE ', 'Chrome', 'Windows 10', '-77.0428', '-12.0464', 'Peru', 'PE', '2021-07-12 12:25:28', '2021-07-12 12:25:28'),
(17, 1, '59.153.30.32', 'Dhaka - - Bangladesh - BD ', 'Chrome', 'Windows 10', '90.4093', '23.7272', 'Bangladesh', 'BD', '2021-07-13 06:14:21', '2021-07-13 06:14:21'),
(18, 1, '181.66.131.41', 'Lima - - Peru - PE ', 'Chrome', 'Windows 10', '-77.0428', '-12.0464', 'Peru', 'PE', '2021-07-13 12:53:58', '2021-07-13 12:53:58'),
(19, 1, '181.66.131.41', 'Lima - - Peru - PE ', 'Chrome', 'Windows 10', '-77.0428', '-12.0464', 'Peru', 'PE', '2021-07-13 13:28:48', '2021-07-13 13:28:48'),
(20, 1, '181.66.131.41', 'Lima - - Peru - PE ', 'Chrome', 'Windows 10', '-77.0428', '-12.0464', 'Peru', 'PE', '2021-07-14 12:23:47', '2021-07-14 12:23:47'),
(21, 1, '181.66.131.41', 'Lima - - Peru - PE ', 'Chrome', 'Windows 10', '-77.0428', '-12.0464', 'Peru', 'PE', '2021-07-26 14:22:39', '2021-07-26 14:22:39'),
(22, 1, '181.66.131.41', 'Lima - - Peru - PE ', 'Chrome', 'Windows 10', '-77.0428', '-12.0464', 'Peru', 'PE', '2021-07-26 17:18:29', '2021-07-26 17:18:29'),
(23, 1, '181.66.131.41', 'Lima - - Peru - PE ', 'Chrome', 'Windows 10', '-77.0428', '-12.0464', 'Peru', 'PE', '2021-07-26 18:14:14', '2021-07-26 18:14:14'),
(24, 1, '181.66.131.41', 'Lima - - Peru - PE ', 'Chrome', 'Windows 10', '-77.0428', '-12.0464', 'Peru', 'PE', '2021-07-26 18:39:58', '2021-07-26 18:39:58'),
(25, 4, '181.174.105.66', 'Guatemala City - - Guatemala - GT ', 'Handheld Browser', 'Android', '-90.5269', '14.6211', 'Guatemala', 'GT', '2021-07-29 01:19:58', '2021-07-29 01:19:58'),
(26, 1, '181.66.131.41', 'Lima - - Peru - PE ', 'Chrome', 'Windows 10', '-77.0428', '-12.0464', 'Peru', 'PE', '2021-07-30 14:32:47', '2021-07-30 14:32:47'),
(27, 5, '181.188.141.23', 'La Paz - - Bolivia - BO ', 'Chrome', 'Windows 10', '-68.1493', '-16.5002', 'Bolivia', 'BO', '2021-07-30 19:48:07', '2021-07-30 19:48:07'),
(28, 6, '181.66.131.41', 'Lima - - Peru - PE ', 'Chrome', 'Windows 10', '-77.0428', '-12.0464', 'Peru', 'PE', '2021-07-30 20:25:06', '2021-07-30 20:25:06'),
(29, 5, '200.87.95.170', 'Cochabamba - - Bolivia - BO ', 'Chrome', 'Windows 10', '-66.1518', '-17.3822', 'Bolivia', 'BO', '2021-07-31 21:21:58', '2021-07-31 21:21:58'),
(30, 1, '181.66.131.41', 'Lima - - Peru - PE ', 'Chrome', 'Windows 10', '-77.0428', '-12.0464', 'Peru', 'PE', '2021-08-01 22:45:33', '2021-08-01 22:45:33'),
(31, 1, '181.66.131.41', 'Lima - - Peru - PE ', 'Chrome', 'Windows 10', '-77.0428', '-12.0464', 'Peru', 'PE', '2021-08-02 15:31:12', '2021-08-02 15:31:12'),
(32, 5, '181.115.128.56', 'Santa Cruz - - Bolivia - BO ', 'Chrome', 'Windows 10', '-63.1656', '-17.8002', 'Bolivia', 'BO', '2021-08-02 15:42:22', '2021-08-02 15:42:22'),
(33, 5, '181.115.135.184', 'Santa Cruz - - Bolivia - BO ', 'Chrome', 'Windows 10', '-63.1656', '-17.8002', 'Bolivia', 'BO', '2021-08-02 17:59:47', '2021-08-02 17:59:47'),
(34, 1, '181.66.131.41', 'Lima - - Peru - PE ', 'Chrome', 'Windows 10', '-77.0428', '-12.0464', 'Peru', 'PE', '2021-08-03 22:52:17', '2021-08-03 22:52:17'),
(35, 6, '181.66.131.41', 'Lima - - Peru - PE ', 'Chrome', 'Windows 10', '-77.0428', '-12.0464', 'Peru', 'PE', '2021-08-03 23:27:43', '2021-08-03 23:27:43'),
(36, 5, '181.115.129.137', 'Santa Cruz - - Bolivia - BO ', 'Chrome', 'Windows 10', '-63.1656', '-17.8002', 'Bolivia', 'BO', '2021-08-05 14:35:49', '2021-08-05 14:35:49'),
(37, 5, '181.115.129.137', 'Santa Cruz - - Bolivia - BO ', 'Chrome', 'Windows 10', '-63.1656', '-17.8002', 'Bolivia', 'BO', '2021-08-05 14:44:42', '2021-08-05 14:44:42'),
(38, 6, '181.66.131.41', 'Lima - - Peru - PE ', 'Chrome', 'Windows 10', '-77.0428', '-12.0464', 'Peru', 'PE', '2021-08-05 16:08:51', '2021-08-05 16:08:51'),
(39, 6, '181.66.131.41', 'Lima - - Peru - PE ', 'Chrome', 'Windows 10', '-77.0428', '-12.0464', 'Peru', 'PE', '2021-08-05 16:51:31', '2021-08-05 16:51:31'),
(40, 1, '181.66.131.41', 'Lima - - Peru - PE ', 'Chrome', 'Windows 10', '-77.0428', '-12.0464', 'Peru', 'PE', '2021-08-05 16:58:10', '2021-08-05 16:58:10'),
(41, 1, '181.66.131.41', 'Lima - - Peru - PE ', 'Chrome', 'Windows 10', '-77.0428', '-12.0464', 'Peru', 'PE', '2021-08-21 14:28:42', '2021-08-21 14:28:42'),
(42, 1, '181.66.131.41', 'Lima - - Peru - PE ', 'Handheld Browser', 'Android', '-77.0428', '-12.0464', 'Peru', 'PE', '2021-08-21 21:39:13', '2021-08-21 21:39:13'),
(43, 7, '179.7.195.179', 'Trujillo - - Peru - PE ', 'Chrome', 'Windows 10', '-79.0355', '-8.1191', 'Peru', 'PE', '2021-08-24 20:47:15', '2021-08-24 20:47:15'),
(44, 8, '190.232.205.219', 'Lima - - Peru - PE ', 'Handheld Browser', 'Android', '-77.0428', '-12.0464', 'Peru', 'PE', '2021-08-25 15:14:31', '2021-08-25 15:14:31'),
(45, 9, '157.100.74.70', 'Guayaquil - - Ecuador - EC ', 'Handheld Browser', 'iPhone', '-79.9011', '-2.1664', 'Ecuador', 'EC', '2021-08-27 04:34:13', '2021-08-27 04:34:13'),
(46, 10, '201.247.43.200', 'Mejicanos - - El Salvador - SV ', 'Handheld Browser', 'Android', '-89.2029', '13.7451', 'El Salvador', 'SV', '2021-08-28 21:17:52', '2021-08-28 21:17:52'),
(47, 1, '107.182.238.185', 'Salt Lake City - - United States - US ', 'Chrome', 'Windows 7', '-111.8875', '40.7592', 'United States', 'US', '2021-08-31 23:03:19', '2021-08-31 23:03:19'),
(48, 1, '181.66.131.41', 'Lima - - Peru - PE ', 'Chrome', 'Windows 10', '-77.0428', '-12.0464', 'Peru', 'PE', '2021-09-06 16:53:23', '2021-09-06 16:53:23'),
(49, 12, '59.153.30.32', 'Dhaka - - Bangladesh - BD ', 'Firefox', 'Windows 10', '90.4093', '23.7272', 'Bangladesh', 'BD', '2021-09-08 15:18:08', '2021-09-08 15:18:08'),
(50, 6, '181.66.131.41', 'Lima - - Peru - PE ', 'Chrome', 'Windows 10', '-77.0428', '-12.0464', 'Peru', 'PE', '2021-09-08 16:56:25', '2021-09-08 16:56:25'),
(51, 1, '181.66.131.41', 'Lima - - Peru - PE ', 'Chrome', 'Windows 10', '-77.0428', '-12.0464', 'Peru', 'PE', '2021-09-21 20:00:23', '2021-09-21 20:00:23'),
(52, 13, '65.49.2.95', ' - - United States - US ', 'Chrome', 'Windows 10', '-97.822', '37.751', 'United States', 'US', '2021-09-22 07:49:00', '2021-09-22 07:49:00'),
(53, 13, '72.52.87.28', 'Fremont - - United States - US ', 'Chrome', 'Windows 10', '-122.0004', '37.5625', 'United States', 'US', '2021-09-23 07:11:22', '2021-09-23 07:11:22'),
(54, 1, '181.66.131.41', 'Lima - - Peru - PE ', 'Chrome', 'Windows 10', '-77.0428', '-12.0464', 'Peru', 'PE', '2021-09-23 13:09:03', '2021-09-23 13:09:03'),
(55, 1, '181.66.131.41', 'Lima - - Peru - PE ', 'Chrome', 'Windows 10', '-77.0428', '-12.0464', 'Peru', 'PE', '2021-09-23 13:11:49', '2021-09-23 13:11:49'),
(56, 14, '181.176.112.23', 'Lima - - Peru - PE ', 'Handheld Browser', 'Android', '-77.0428', '-12.0464', 'Peru', 'PE', '2021-09-24 01:44:55', '2021-09-24 01:44:55'),
(57, 14, '181.176.112.23', 'Lima - - Peru - PE ', 'Handheld Browser', 'Android', '-77.0428', '-12.0464', 'Peru', 'PE', '2021-09-24 01:49:51', '2021-09-24 01:49:51'),
(58, 14, '181.176.112.23', 'Lima - - Peru - PE ', 'Chrome', 'Windows 10', '-77.0428', '-12.0464', 'Peru', 'PE', '2021-09-24 12:10:41', '2021-09-24 12:10:41'),
(59, 1, '181.66.131.41', 'Lima - - Peru - PE ', 'Chrome', 'Windows 10', '-77.0428', '-12.0464', 'Peru', 'PE', '2021-10-11 23:30:40', '2021-10-11 23:30:40'),
(60, 16, '190.233.58.48', 'Lima - - Peru - PE ', 'Chrome', 'Windows 10', '-77.0428', '-12.0464', 'Peru', 'PE', '2021-10-20 19:53:45', '2021-10-20 19:53:45'),
(61, 17, '181.115.46.82', 'Rio Comayagua - - Honduras - HN ', 'Handheld Browser', 'Android', '-87.7968', '15.0976', 'Honduras', 'HN', '2021-10-23 15:24:33', '2021-10-23 15:24:33'),
(62, 20, '200.56.30.147', 'Ciudad Juárez - - Mexico - MX ', 'Chrome', 'Windows 10', '-106.4608', '31.7202', 'Mexico', 'MX', '2021-10-28 02:17:39', '2021-10-28 02:17:39'),
(63, 21, '181.176.77.180', ' - - Peru - PE ', 'Handheld Browser', 'Android', '-77.0281', '-12.0439', 'Peru', 'PE', '2021-10-28 02:58:28', '2021-10-28 02:58:28'),
(64, 23, '131.161.54.126', 'San Pedro Sula - - Honduras - HN ', 'Handheld Browser', 'Android', '-88.0338', '15.4967', 'Honduras', 'HN', '2021-10-28 05:38:58', '2021-10-28 05:38:58'),
(65, 23, '131.161.54.126', 'San Pedro Sula - - Honduras - HN ', 'Firefox', 'Windows 10', '-88.0338', '15.4967', 'Honduras', 'HN', '2021-10-28 05:39:44', '2021-10-28 05:39:44'),
(66, 1, '190.239.71.93', 'Lima - - Peru - PE ', 'Handheld Browser', 'Android', '-77.0428', '-12.0464', 'Peru', 'PE', '2021-10-28 11:51:47', '2021-10-28 11:51:47'),
(67, 1, '190.239.71.93', 'Lima - - Peru - PE ', 'Handheld Browser', 'Android', '-77.0428', '-12.0464', 'Peru', 'PE', '2021-10-28 11:52:36', '2021-10-28 11:52:36'),
(68, 20, '200.56.30.147', 'Ciudad Juárez - - Mexico - MX ', 'Chrome', 'Android', '-106.4608', '31.7202', 'Mexico', 'MX', '2021-10-28 14:36:08', '2021-10-28 14:36:08'),
(69, 1, '181.66.131.41', 'Lima - - Peru - PE ', 'Chrome', 'Windows 10', '-77.0428', '-12.0464', 'Peru', 'PE', '2021-10-30 17:49:02', '2021-10-30 17:49:02'),
(70, 1, '181.66.131.41', 'Lima - - Peru - PE ', 'Chrome', 'Windows 10', '-77.0428', '-12.0464', 'Peru', 'PE', '2021-10-30 18:06:03', '2021-10-30 18:06:03'),
(71, 25, '181.66.131.41', 'Lima - - Peru - PE ', 'Chrome', 'Windows 10', '-77.0428', '-12.0464', 'Peru', 'PE', '2021-10-30 18:58:12', '2021-10-30 18:58:12'),
(72, 26, '190.236.2.233', 'Lima - - Peru - PE ', 'Handheld Browser', 'Android', '-77.0428', '-12.0464', 'Peru', 'PE', '2021-10-31 03:02:33', '2021-10-31 03:02:33'),
(73, 27, '181.66.131.41', 'Lima - - Peru - PE ', 'Chrome', 'Windows 10', '-77.0428', '-12.0464', 'Peru', 'PE', '2021-11-03 00:09:03', '2021-11-03 00:09:03'),
(74, 28, '190.152.108.223', ' - - Ecuador - EC ', 'Chrome', 'Windows 10', '-77.4966', '-1.9998', 'Ecuador', 'EC', '2021-11-03 14:47:39', '2021-11-03 14:47:39'),
(75, 28, '190.152.108.223', ' - - Ecuador - EC ', 'Chrome', 'Windows 10', '-77.4966', '-1.9998', 'Ecuador', 'EC', '2021-11-03 15:15:23', '2021-11-03 15:15:23'),
(76, 1, '190.236.12.200', 'Lima - - Peru - PE ', 'Handheld Browser', 'Android', '-77.0428', '-12.0464', 'Peru', 'PE', '2021-11-03 16:09:21', '2021-11-03 16:09:21'),
(77, 1, '190.236.12.200', 'Lima - - Peru - PE ', 'Handheld Browser', 'Android', '-77.0428', '-12.0464', 'Peru', 'PE', '2021-11-03 16:33:02', '2021-11-03 16:33:02'),
(78, 1, '181.66.131.41', 'Lima - - Peru - PE ', 'Chrome', 'Windows 10', '-77.0428', '-12.0464', 'Peru', 'PE', '2021-11-04 11:40:27', '2021-11-04 11:40:27'),
(79, 1, '181.66.131.41', 'Lima - - Peru - PE ', 'Chrome', 'Windows 10', '-77.0428', '-12.0464', 'Peru', 'PE', '2021-11-04 13:12:36', '2021-11-04 13:12:36'),
(80, 26, '181.66.131.41', 'Lima - - Peru - PE ', 'Chrome', 'Windows 10', '-77.0428', '-12.0464', 'Peru', 'PE', '2021-11-04 13:14:41', '2021-11-04 13:14:41'),
(81, 1, '181.66.131.41', 'Lima - - Peru - PE ', 'Chrome', 'Windows 10', '-77.0428', '-12.0464', 'Peru', 'PE', '2021-11-04 13:17:42', '2021-11-04 13:17:42'),
(82, 1, '181.66.131.41', 'Lima - - Peru - PE ', 'Chrome', 'Windows 10', '-77.0428', '-12.0464', 'Peru', 'PE', '2021-11-06 14:01:29', '2021-11-06 14:01:29'),
(83, 18, '190.152.109.57', ' - - Ecuador - EC ', 'Chrome', 'Windows 10', '-77.4966', '-1.9998', 'Ecuador', 'EC', '2021-11-06 17:03:03', '2021-11-06 17:03:03');

-- --------------------------------------------------------

--
-- Estructura de tabla para la tabla `wishlists`
--

CREATE TABLE `wishlists` (
  `id` bigint(20) UNSIGNED NOT NULL,
  `user_id` int(11) DEFAULT NULL,
  `session_id` varchar(255) COLLATE utf8mb4_unicode_ci DEFAULT NULL,
  `product_id` int(11) NOT NULL,
  `created_at` timestamp NULL DEFAULT NULL,
  `updated_at` timestamp NULL DEFAULT NULL
) ENGINE=InnoDB DEFAULT CHARSET=utf8mb4 COLLATE=utf8mb4_unicode_ci;

--
-- Volcado de datos para la tabla `wishlists`
--

INSERT INTO `wishlists` (`id`, `user_id`, `session_id`, `product_id`, `created_at`, `updated_at`) VALUES
(2, NULL, '60de5bf4618ff', 1, '2021-07-02 00:21:08', '2021-07-02 00:21:08'),
(3, NULL, '60e4aafbdb627', 2, '2021-07-06 19:11:55', '2021-07-06 19:11:55'),
(4, NULL, '60eb51f4efae8', 5, '2021-07-11 20:17:56', '2021-07-11 20:17:56'),
(6, NULL, '60fee9825d1e9', 7, '2021-07-26 17:14:46', '2021-07-26 17:14:46'),
(7, NULL, '60fee9825d1e9', 10, '2021-07-26 17:16:25', '2021-07-26 17:16:25'),
(9, 1, '60fee9825d1e9', 5, '2021-07-26 18:10:38', '2021-07-26 18:10:38'),
(10, NULL, '610306dab31f4', 5, '2021-07-29 19:51:54', '2021-07-29 19:51:54'),
(11, NULL, '610451e65d172', 4, '2021-07-30 19:24:22', '2021-07-30 19:24:22'),
(12, NULL, '61053539dffaf', 5, '2021-07-31 11:34:17', '2021-07-31 11:34:17'),
(15, NULL, '61063048bad1a', 6, '2021-08-01 05:25:28', '2021-08-01 05:25:28'),
(16, NULL, '6109465adb11e', 4, '2021-08-03 13:36:26', '2021-08-03 13:36:26'),
(17, NULL, '6109c8844d58e', 5, '2021-08-03 22:51:48', '2021-08-03 22:51:48'),
(18, NULL, '610aebfab01bf', 12, '2021-08-04 19:35:22', '2021-08-04 19:35:22'),
(19, NULL, '612590dd71a25', 12, '2021-08-25 00:39:20', '2021-08-25 00:39:20'),
(20, NULL, '6125ae531fd5b', 6, '2021-08-25 02:43:31', '2021-08-25 02:43:31'),
(21, NULL, '6125af9955f05', 7, '2021-08-25 02:49:24', '2021-08-25 02:49:24'),
(22, NULL, '61272a0e0c02d', 10, '2021-08-26 05:43:42', '2021-08-26 05:43:42'),
(23, NULL, '6128837f53111', 7, '2021-08-27 06:17:35', '2021-08-27 06:17:35'),
(24, NULL, '612fd5c7ab5a2', 6, '2021-09-01 19:34:31', '2021-09-01 19:34:31'),
(26, 14, '614dc02463dba', 4, '2021-09-24 12:16:27', '2021-09-24 12:16:27'),
(27, NULL, '6178b62bc8c04', 10, '2021-10-27 02:15:07', '2021-10-27 02:15:07'),
(28, NULL, '617a054df21f6', 8, '2021-10-28 02:05:01', '2021-10-28 02:05:01'),
(29, NULL, '618677ae72ee6', 5, '2021-11-06 12:40:14', '2021-11-06 12:40:14');

--
-- Índices para tablas volcadas
--

--
-- Indices de la tabla `admins`
--
ALTER TABLE `admins`
  ADD PRIMARY KEY (`id`);

--
-- Indices de la tabla `admin_password_resets`
--
ALTER TABLE `admin_password_resets`
  ADD PRIMARY KEY (`id`);

--
-- Indices de la tabla `applied_coupons`
--
ALTER TABLE `applied_coupons`
  ADD PRIMARY KEY (`id`);

--
-- Indices de la tabla `assign_product_attributes`
--
ALTER TABLE `assign_product_attributes`
  ADD PRIMARY KEY (`id`),
  ADD KEY `assign_product_attributes_product_id_index` (`product_id`),
  ADD KEY `assign_product_attributes_product_attribute_id_index` (`product_attribute_id`);

--
-- Indices de la tabla `brands`
--
ALTER TABLE `brands`
  ADD PRIMARY KEY (`id`);

--
-- Indices de la tabla `carts`
--
ALTER TABLE `carts`
  ADD PRIMARY KEY (`id`);

--
-- Indices de la tabla `categories`
--
ALTER TABLE `categories`
  ADD PRIMARY KEY (`id`);

--
-- Indices de la tabla `coupons`
--
ALTER TABLE `coupons`
  ADD PRIMARY KEY (`id`);

--
-- Indices de la tabla `coupons_categories`
--
ALTER TABLE `coupons_categories`
  ADD PRIMARY KEY (`id`),
  ADD KEY `coupons_categories_coupon_id_foreign` (`coupon_id`),
  ADD KEY `coupons_categories_category_id_foreign` (`category_id`);

--
-- Indices de la tabla `coupons_products`
--
ALTER TABLE `coupons_products`
  ADD PRIMARY KEY (`id`),
  ADD KEY `coupons_products_coupon_id_foreign` (`coupon_id`),
  ADD KEY `coupons_products_product_id_foreign` (`product_id`);

--
-- Indices de la tabla `deposits`
--
ALTER TABLE `deposits`
  ADD PRIMARY KEY (`id`);

--
-- Indices de la tabla `email_sms_templates`
--
ALTER TABLE `email_sms_templates`
  ADD PRIMARY KEY (`id`);

--
-- Indices de la tabla `frontends`
--
ALTER TABLE `frontends`
  ADD PRIMARY KEY (`id`);

--
-- Indices de la tabla `gateways`
--
ALTER TABLE `gateways`
  ADD PRIMARY KEY (`id`);

--
-- Indices de la tabla `gateway_currencies`
--
ALTER TABLE `gateway_currencies`
  ADD PRIMARY KEY (`id`);

--
-- Indices de la tabla `general_settings`
--
ALTER TABLE `general_settings`
  ADD PRIMARY KEY (`id`);

--
-- Indices de la tabla `languages`
--
ALTER TABLE `languages`
  ADD PRIMARY KEY (`id`);

--
-- Indices de la tabla `offers`
--
ALTER TABLE `offers`
  ADD PRIMARY KEY (`id`);

--
-- Indices de la tabla `offers_products`
--
ALTER TABLE `offers_products`
  ADD PRIMARY KEY (`id`),
  ADD KEY `offers_products_offer_id_foreign` (`offer_id`),
  ADD KEY `offers_products_product_id_foreign` (`product_id`);

--
-- Indices de la tabla `orders`
--
ALTER TABLE `orders`
  ADD PRIMARY KEY (`id`),
  ADD UNIQUE KEY `orders_order_number_unique` (`order_number`);

--
-- Indices de la tabla `order_details`
--
ALTER TABLE `order_details`
  ADD PRIMARY KEY (`id`);

--
-- Indices de la tabla `plugins`
--
ALTER TABLE `plugins`
  ADD PRIMARY KEY (`id`);

--
-- Indices de la tabla `products`
--
ALTER TABLE `products`
  ADD PRIMARY KEY (`id`),
  ADD KEY `products_brand_id_index` (`brand_id`);

--
-- Indices de la tabla `products_categories`
--
ALTER TABLE `products_categories`
  ADD PRIMARY KEY (`id`),
  ADD KEY `products_categories_product_id_foreign` (`product_id`),
  ADD KEY `products_categories_category_id_foreign` (`category_id`);

--
-- Indices de la tabla `product_attributes`
--
ALTER TABLE `product_attributes`
  ADD PRIMARY KEY (`id`);

--
-- Indices de la tabla `product_images`
--
ALTER TABLE `product_images`
  ADD PRIMARY KEY (`id`),
  ADD KEY `product_images_product_id_index` (`product_id`),
  ADD KEY `product_images_assign_product_attribute_id_index` (`assign_product_attribute_id`);

--
-- Indices de la tabla `product_reviews`
--
ALTER TABLE `product_reviews`
  ADD PRIMARY KEY (`id`);

--
-- Indices de la tabla `product_stocks`
--
ALTER TABLE `product_stocks`
  ADD PRIMARY KEY (`id`);

--
-- Indices de la tabla `shipping_methods`
--
ALTER TABLE `shipping_methods`
  ADD PRIMARY KEY (`id`);

--
-- Indices de la tabla `stock_logs`
--
ALTER TABLE `stock_logs`
  ADD PRIMARY KEY (`id`);

--
-- Indices de la tabla `subscribers`
--
ALTER TABLE `subscribers`
  ADD PRIMARY KEY (`id`);

--
-- Indices de la tabla `support_attachments`
--
ALTER TABLE `support_attachments`
  ADD PRIMARY KEY (`id`);

--
-- Indices de la tabla `support_messages`
--
ALTER TABLE `support_messages`
  ADD PRIMARY KEY (`id`);

--
-- Indices de la tabla `support_tickets`
--
ALTER TABLE `support_tickets`
  ADD PRIMARY KEY (`id`);

--
-- Indices de la tabla `transactions`
--
ALTER TABLE `transactions`
  ADD PRIMARY KEY (`id`);

--
-- Indices de la tabla `users`
--
ALTER TABLE `users`
  ADD PRIMARY KEY (`id`);

--
-- Indices de la tabla `user_logins`
--
ALTER TABLE `user_logins`
  ADD PRIMARY KEY (`id`);

--
-- Indices de la tabla `wishlists`
--
ALTER TABLE `wishlists`
  ADD PRIMARY KEY (`id`);

--
-- AUTO_INCREMENT de las tablas volcadas
--

--
-- AUTO_INCREMENT de la tabla `admins`
--
ALTER TABLE `admins`
  MODIFY `id` bigint(20) UNSIGNED NOT NULL AUTO_INCREMENT, AUTO_INCREMENT=2;

--
-- AUTO_INCREMENT de la tabla `admin_password_resets`
--
ALTER TABLE `admin_password_resets`
  MODIFY `id` bigint(20) UNSIGNED NOT NULL AUTO_INCREMENT;

--
-- AUTO_INCREMENT de la tabla `applied_coupons`
--
ALTER TABLE `applied_coupons`
  MODIFY `id` bigint(20) UNSIGNED NOT NULL AUTO_INCREMENT;

--
-- AUTO_INCREMENT de la tabla `assign_product_attributes`
--
ALTER TABLE `assign_product_attributes`
  MODIFY `id` bigint(20) UNSIGNED NOT NULL AUTO_INCREMENT, AUTO_INCREMENT=21;

--
-- AUTO_INCREMENT de la tabla `brands`
--
ALTER TABLE `brands`
  MODIFY `id` bigint(20) UNSIGNED NOT NULL AUTO_INCREMENT, AUTO_INCREMENT=9;

--
-- AUTO_INCREMENT de la tabla `carts`
--
ALTER TABLE `carts`
  MODIFY `id` bigint(20) UNSIGNED NOT NULL AUTO_INCREMENT, AUTO_INCREMENT=290;

--
-- AUTO_INCREMENT de la tabla `categories`
--
ALTER TABLE `categories`
  MODIFY `id` bigint(20) UNSIGNED NOT NULL AUTO_INCREMENT, AUTO_INCREMENT=21;

--
-- AUTO_INCREMENT de la tabla `coupons`
--
ALTER TABLE `coupons`
  MODIFY `id` bigint(20) UNSIGNED NOT NULL AUTO_INCREMENT;

--
-- AUTO_INCREMENT de la tabla `coupons_categories`
--
ALTER TABLE `coupons_categories`
  MODIFY `id` bigint(20) UNSIGNED NOT NULL AUTO_INCREMENT;

--
-- AUTO_INCREMENT de la tabla `coupons_products`
--
ALTER TABLE `coupons_products`
  MODIFY `id` bigint(20) UNSIGNED NOT NULL AUTO_INCREMENT;

--
-- AUTO_INCREMENT de la tabla `deposits`
--
ALTER TABLE `deposits`
  MODIFY `id` int(10) UNSIGNED NOT NULL AUTO_INCREMENT, AUTO_INCREMENT=43;

--
-- AUTO_INCREMENT de la tabla `email_sms_templates`
--
ALTER TABLE `email_sms_templates`
  MODIFY `id` int(10) UNSIGNED NOT NULL AUTO_INCREMENT, AUTO_INCREMENT=218;

--
-- AUTO_INCREMENT de la tabla `frontends`
--
ALTER TABLE `frontends`
  MODIFY `id` int(10) UNSIGNED NOT NULL AUTO_INCREMENT, AUTO_INCREMENT=47;

--
-- AUTO_INCREMENT de la tabla `gateways`
--
ALTER TABLE `gateways`
  MODIFY `id` int(10) UNSIGNED NOT NULL AUTO_INCREMENT, AUTO_INCREMENT=33;

--
-- AUTO_INCREMENT de la tabla `gateway_currencies`
--
ALTER TABLE `gateway_currencies`
  MODIFY `id` int(10) UNSIGNED NOT NULL AUTO_INCREMENT, AUTO_INCREMENT=14;

--
-- AUTO_INCREMENT de la tabla `general_settings`
--
ALTER TABLE `general_settings`
  MODIFY `id` bigint(20) UNSIGNED NOT NULL AUTO_INCREMENT, AUTO_INCREMENT=2;

--
-- AUTO_INCREMENT de la tabla `languages`
--
ALTER TABLE `languages`
  MODIFY `id` int(10) UNSIGNED NOT NULL AUTO_INCREMENT, AUTO_INCREMENT=8;

--
-- AUTO_INCREMENT de la tabla `offers`
--
ALTER TABLE `offers`
  MODIFY `id` bigint(20) UNSIGNED NOT NULL AUTO_INCREMENT, AUTO_INCREMENT=3;

--
-- AUTO_INCREMENT de la tabla `offers_products`
--
ALTER TABLE `offers_products`
  MODIFY `id` bigint(20) UNSIGNED NOT NULL AUTO_INCREMENT, AUTO_INCREMENT=8;

--
-- AUTO_INCREMENT de la tabla `orders`
--
ALTER TABLE `orders`
  MODIFY `id` bigint(20) UNSIGNED NOT NULL AUTO_INCREMENT, AUTO_INCREMENT=55;

--
-- AUTO_INCREMENT de la tabla `order_details`
--
ALTER TABLE `order_details`
  MODIFY `id` bigint(20) UNSIGNED NOT NULL AUTO_INCREMENT, AUTO_INCREMENT=75;

--
-- AUTO_INCREMENT de la tabla `plugins`
--
ALTER TABLE `plugins`
  MODIFY `id` int(10) UNSIGNED NOT NULL AUTO_INCREMENT, AUTO_INCREMENT=2;

--
-- AUTO_INCREMENT de la tabla `products`
--
ALTER TABLE `products`
  MODIFY `id` bigint(20) UNSIGNED NOT NULL AUTO_INCREMENT, AUTO_INCREMENT=13;

--
-- AUTO_INCREMENT de la tabla `products_categories`
--
ALTER TABLE `products_categories`
  MODIFY `id` bigint(20) UNSIGNED NOT NULL AUTO_INCREMENT, AUTO_INCREMENT=20;

--
-- AUTO_INCREMENT de la tabla `product_attributes`
--
ALTER TABLE `product_attributes`
  MODIFY `id` bigint(20) UNSIGNED NOT NULL AUTO_INCREMENT, AUTO_INCREMENT=3;

--
-- AUTO_INCREMENT de la tabla `product_images`
--
ALTER TABLE `product_images`
  MODIFY `id` bigint(20) UNSIGNED NOT NULL AUTO_INCREMENT, AUTO_INCREMENT=34;

--
-- AUTO_INCREMENT de la tabla `product_reviews`
--
ALTER TABLE `product_reviews`
  MODIFY `id` bigint(20) UNSIGNED NOT NULL AUTO_INCREMENT, AUTO_INCREMENT=4;

--
-- AUTO_INCREMENT de la tabla `product_stocks`
--
ALTER TABLE `product_stocks`
  MODIFY `id` bigint(20) UNSIGNED NOT NULL AUTO_INCREMENT, AUTO_INCREMENT=31;

--
-- AUTO_INCREMENT de la tabla `shipping_methods`
--
ALTER TABLE `shipping_methods`
  MODIFY `id` bigint(20) UNSIGNED NOT NULL AUTO_INCREMENT, AUTO_INCREMENT=3;

--
-- AUTO_INCREMENT de la tabla `stock_logs`
--
ALTER TABLE `stock_logs`
  MODIFY `id` bigint(20) UNSIGNED NOT NULL AUTO_INCREMENT, AUTO_INCREMENT=106;

--
-- AUTO_INCREMENT de la tabla `subscribers`
--
ALTER TABLE `subscribers`
  MODIFY `id` int(10) UNSIGNED NOT NULL AUTO_INCREMENT, AUTO_INCREMENT=2;

--
-- AUTO_INCREMENT de la tabla `support_attachments`
--
ALTER TABLE `support_attachments`
  MODIFY `id` bigint(20) UNSIGNED NOT NULL AUTO_INCREMENT;

--
-- AUTO_INCREMENT de la tabla `support_messages`
--
ALTER TABLE `support_messages`
  MODIFY `id` int(10) UNSIGNED NOT NULL AUTO_INCREMENT, AUTO_INCREMENT=33;

--
-- AUTO_INCREMENT de la tabla `support_tickets`
--
ALTER TABLE `support_tickets`
  MODIFY `id` bigint(20) UNSIGNED NOT NULL AUTO_INCREMENT, AUTO_INCREMENT=32;

--
-- AUTO_INCREMENT de la tabla `transactions`
--
ALTER TABLE `transactions`
  MODIFY `id` bigint(20) UNSIGNED NOT NULL AUTO_INCREMENT, AUTO_INCREMENT=7;

--
-- AUTO_INCREMENT de la tabla `users`
--
ALTER TABLE `users`
  MODIFY `id` bigint(20) UNSIGNED NOT NULL AUTO_INCREMENT, AUTO_INCREMENT=29;

--
-- AUTO_INCREMENT de la tabla `user_logins`
--
ALTER TABLE `user_logins`
  MODIFY `id` bigint(20) UNSIGNED NOT NULL AUTO_INCREMENT, AUTO_INCREMENT=84;

--
-- AUTO_INCREMENT de la tabla `wishlists`
--
ALTER TABLE `wishlists`
  MODIFY `id` bigint(20) UNSIGNED NOT NULL AUTO_INCREMENT, AUTO_INCREMENT=30;

--
-- Restricciones para tablas volcadas
--

--
-- Filtros para la tabla `coupons_categories`
--
ALTER TABLE `coupons_categories`
  ADD CONSTRAINT `coupons_categories_category_id_foreign` FOREIGN KEY (`category_id`) REFERENCES `categories` (`id`) ON DELETE CASCADE,
  ADD CONSTRAINT `coupons_categories_coupon_id_foreign` FOREIGN KEY (`coupon_id`) REFERENCES `coupons` (`id`) ON DELETE CASCADE;

--
-- Filtros para la tabla `coupons_products`
--
ALTER TABLE `coupons_products`
  ADD CONSTRAINT `coupons_products_coupon_id_foreign` FOREIGN KEY (`coupon_id`) REFERENCES `coupons` (`id`) ON DELETE CASCADE,
  ADD CONSTRAINT `coupons_products_product_id_foreign` FOREIGN KEY (`product_id`) REFERENCES `products` (`id`) ON DELETE CASCADE;

--
-- Filtros para la tabla `offers_products`
--
ALTER TABLE `offers_products`
  ADD CONSTRAINT `offers_products_offer_id_foreign` FOREIGN KEY (`offer_id`) REFERENCES `offers` (`id`) ON DELETE CASCADE,
  ADD CONSTRAINT `offers_products_product_id_foreign` FOREIGN KEY (`product_id`) REFERENCES `products` (`id`) ON DELETE CASCADE;

--
-- Filtros para la tabla `products_categories`
--
ALTER TABLE `products_categories`
  ADD CONSTRAINT `products_categories_category_id_foreign` FOREIGN KEY (`category_id`) REFERENCES `categories` (`id`) ON DELETE CASCADE,
  ADD CONSTRAINT `products_categories_product_id_foreign` FOREIGN KEY (`product_id`) REFERENCES `products` (`id`) ON DELETE CASCADE;
COMMIT;

/*!40101 SET CHARACTER_SET_CLIENT=@OLD_CHARACTER_SET_CLIENT */;
/*!40101 SET CHARACTER_SET_RESULTS=@OLD_CHARACTER_SET_RESULTS */;
/*!40101 SET COLLATION_CONNECTION=@OLD_COLLATION_CONNECTION */;
